time,enrolled,available,waitlisted,total
2025-04-05T11:58:14,0,45,0,45
2025-04-05T12:05:49,0,45,0,45
2025-04-05T12:13:25,0,45,0,45
2025-04-05T12:21:01,0,45,0,45
2025-04-05T12:28:36,0,45,0,45
2025-04-05T12:36:11,0,45,0,45
2025-04-05T12:43:46,0,45,0,45
2025-04-05T12:51:21,0,45,0,45
2025-04-05T12:59:04,0,45,0,45
2025-04-05T13:06:39,0,45,0,45
2025-04-05T13:14:14,0,45,0,45
2025-04-05T13:21:49,0,45,0,45
2025-04-05T13:29:24,0,45,0,45
2025-04-05T13:36:59,0,45,0,45
2025-04-05T13:44:34,0,45,0,45
2025-04-05T13:52:10,0,45,0,45
2025-04-05T13:59:45,0,45,0,45
2025-04-05T14:07:19,0,45,0,45
2025-04-05T14:14:55,0,45,0,45
2025-04-05T14:22:30,0,45,0,45
2025-04-05T14:30:05,0,45,0,45
2025-04-05T14:37:40,0,45,0,45
2025-04-05T14:45:15,0,45,0,45
2025-04-05T14:52:50,0,45,0,45
2025-04-05T15:00:25,0,45,0,45
2025-04-05T15:08:00,0,45,0,45
2025-04-05T15:15:35,0,45,0,45
2025-04-05T15:23:11,0,45,0,45
2025-04-05T15:30:55,0,45,0,45
2025-04-05T15:38:30,0,45,0,45
2025-04-05T15:46:05,0,45,0,45
2025-04-05T15:53:40,0,45,0,45
2025-04-05T16:01:16,0,45,0,45
2025-04-05T16:08:51,0,45,0,45
2025-04-05T16:16:26,0,45,0,45
2025-04-05T16:24:01,0,45,0,45
2025-04-05T16:31:36,0,45,0,45
2025-04-05T16:39:11,0,45,0,45
2025-04-05T16:46:47,0,45,0,45
2025-04-05T16:54:23,0,45,0,45
2025-04-05T17:01:58,0,45,0,45
2025-04-05T17:09:41,0,45,0,45
2025-04-05T17:17:17,0,45,0,45
2025-04-05T17:24:52,0,45,0,45
2025-04-05T17:32:27,0,45,0,45
2025-04-05T17:40:02,0,45,0,45
2025-04-05T17:47:37,0,45,0,45
2025-04-05T17:55:12,0,45,0,45
2025-04-05T18:02:49,0,45,0,45
2025-04-05T18:10:24,0,45,0,45
2025-04-05T18:17:59,0,45,0,45
2025-04-05T18:25:35,0,45,0,45
2025-04-05T18:33:10,0,45,0,45
2025-04-05T18:40:45,0,45,0,45
2025-04-05T18:48:20,0,45,0,45
2025-04-05T18:56:11,0,45,0,45
2025-04-05T19:03:46,0,45,0,45
2025-04-05T19:11:21,0,45,0,45
2025-04-05T19:18:57,0,45,0,45
2025-04-05T19:26:32,0,45,0,45
2025-04-05T19:34:07,0,45,0,45
2025-04-05T19:41:43,0,45,0,45
2025-04-05T19:49:18,0,45,0,45
2025-04-05T19:56:53,0,45,0,45
2025-04-05T20:04:28,0,45,0,45
2025-04-05T20:12:03,0,45,0,45
2025-04-05T20:19:38,0,45,0,45
2025-04-05T20:27:14,0,45,0,45
2025-04-05T20:34:49,0,45,0,45
2025-04-05T20:42:24,0,45,0,45
2025-04-05T20:49:59,0,45,0,45
2025-04-05T20:57:34,0,45,0,45
2025-04-05T21:05:09,0,45,0,45
2025-04-05T21:12:53,0,45,0,45
2025-04-05T21:20:28,0,45,0,45
2025-04-05T21:28:03,0,45,0,45
2025-04-05T21:35:38,0,45,0,45
2025-04-05T21:43:13,0,45,0,45
2025-04-05T21:50:48,0,45,0,45
2025-04-05T21:58:23,0,45,0,45
2025-04-05T22:05:58,0,45,0,45
2025-04-05T22:13:34,0,45,0,45
2025-04-05T22:21:09,0,45,0,45
2025-04-05T22:28:44,0,45,0,45
2025-04-05T22:36:19,0,45,0,45
2025-04-05T22:43:54,0,45,0,45
2025-04-05T22:51:30,0,45,0,45
2025-04-05T22:59:05,0,45,0,45
2025-04-05T23:06:41,0,45,0,45
2025-04-05T23:14:17,0,45,0,45
2025-04-05T23:21:52,0,45,0,45
2025-04-05T23:29:28,0,45,0,45
2025-04-05T23:37:03,0,45,0,45
2025-04-05T23:44:38,0,45,0,45
2025-04-05T23:52:33,0,45,0,45
2025-04-06T00:00:08,0,45,0,45
2025-04-06T00:07:44,0,45,0,45
2025-04-06T00:15:21,0,45,0,45
2025-04-06T00:22:57,0,45,0,45
2025-04-06T00:30:33,0,45,0,45
2025-04-06T00:38:09,0,45,0,45
2025-04-06T00:45:45,0,45,0,45
2025-04-06T00:53:22,0,45,0,45
2025-04-06T01:00:58,0,45,0,45
2025-04-06T01:08:34,0,45,0,45
2025-04-06T01:16:10,0,45,0,45
2025-04-06T01:23:45,0,45,0,45
2025-04-06T01:31:21,0,45,0,45
2025-04-06T01:38:57,0,45,0,45
2025-04-06T01:46:33,0,45,0,45
2025-04-06T01:54:08,0,45,0,45
2025-04-06T02:01:44,0,45,0,45
2025-04-06T02:09:36,0,45,0,45
2025-04-06T02:17:12,0,45,0,45
2025-04-06T02:24:48,0,45,0,45
2025-04-06T02:32:24,0,45,0,45
2025-04-06T02:39:59,0,45,0,45
2025-04-06T02:47:35,0,45,0,45
2025-04-06T02:55:11,0,45,0,45
2025-04-06T03:02:47,0,45,0,45
2025-04-06T03:10:23,0,45,0,45
2025-04-06T03:17:59,0,45,0,45
2025-04-06T03:25:35,0,45,0,45
2025-04-06T03:33:11,0,45,0,45
2025-04-06T03:40:47,0,45,0,45
2025-04-06T03:48:22,0,45,0,45
2025-04-06T03:55:58,0,45,0,45
2025-04-06T04:03:34,0,45,0,45
2025-04-06T04:11:11,0,45,0,45
2025-04-06T04:33:13,0,45,0,45
2025-04-06T04:40:51,0,45,0,45
2025-04-06T04:48:28,0,45,0,45
2025-04-06T04:56:04,0,45,0,45
2025-04-06T05:03:40,0,45,0,45
2025-04-06T05:11:16,0,45,0,45
2025-04-06T05:18:51,0,45,0,45
2025-04-06T05:26:28,0,45,0,45
2025-04-06T05:34:04,0,45,0,45
2025-04-06T05:41:40,0,45,0,45
2025-04-06T05:49:16,0,45,0,45
2025-04-06T05:56:52,0,45,0,45
2025-04-06T06:04:28,0,45,0,45
2025-04-06T06:12:04,0,45,0,45
2025-04-06T06:19:40,0,45,0,45
2025-04-06T06:27:16,0,45,0,45
2025-04-06T06:34:54,0,45,0,45
2025-04-06T06:42:30,0,45,0,45
2025-04-06T06:50:06,0,45,0,45
2025-04-06T06:57:41,0,45,0,45
2025-04-06T07:05:16,0,45,0,45
2025-04-06T07:12:52,0,45,0,45
2025-04-06T07:20:27,0,45,0,45
2025-04-06T07:28:02,0,45,0,45
2025-04-06T07:35:37,0,45,0,45
2025-04-06T07:43:13,0,45,0,45
2025-04-06T07:50:48,0,45,0,45
2025-04-06T07:58:24,0,45,0,45
2025-04-06T08:05:59,0,45,0,45
2025-04-06T08:13:34,0,45,0,45
2025-04-06T08:21:09,0,45,0,45
2025-04-06T08:28:45,0,45,0,45
2025-04-06T08:36:20,0,45,0,45
2025-04-06T08:43:56,0,45,0,45
2025-04-06T08:51:31,0,45,0,45
2025-04-06T08:59:14,0,45,0,45
2025-04-06T09:06:50,0,45,0,45
2025-04-06T09:14:26,0,45,0,45
2025-04-06T09:22:01,0,45,0,45
2025-04-06T09:29:38,0,45,0,45
2025-04-06T09:37:13,0,45,0,45
2025-04-06T09:44:49,0,45,0,45
2025-04-06T09:52:24,0,45,0,45
2025-04-06T09:59:59,0,45,0,45
2025-04-06T10:07:34,0,45,0,45
2025-04-06T10:15:09,0,45,0,45
2025-04-06T10:22:45,0,45,0,45
2025-04-06T10:30:20,0,45,0,45
2025-04-06T10:37:55,0,45,0,45
2025-04-06T10:45:30,0,45,0,45
2025-04-06T10:53:05,0,45,0,45
2025-04-06T11:00:41,0,45,0,45
2025-04-06T11:08:17,0,45,0,45
2025-04-06T11:15:54,0,45,0,45
2025-04-06T11:23:29,0,45,0,45
2025-04-06T11:31:04,0,45,0,45
2025-04-06T11:38:39,0,45,0,45
2025-04-06T11:46:14,0,45,0,45
2025-04-06T11:53:49,0,45,0,45
2025-04-06T12:01:24,0,45,0,45
2025-04-06T12:08:59,0,45,0,45
2025-04-06T12:16:42,0,45,0,45
2025-04-06T12:24:17,0,45,0,45
2025-04-06T12:31:53,0,45,0,45
2025-04-06T12:39:28,0,45,0,45
2025-04-06T12:47:03,0,45,0,45
2025-04-06T12:54:38,0,45,0,45
2025-04-06T13:02:13,0,45,0,45
2025-04-06T13:09:48,0,45,0,45
2025-04-06T13:17:24,0,45,0,45
2025-04-06T13:24:59,0,45,0,45
2025-04-06T13:32:34,0,45,0,45
2025-04-06T13:40:09,0,45,0,45
2025-04-06T13:47:45,0,45,0,45
2025-04-06T13:55:20,0,45,0,45
2025-04-06T14:02:55,0,45,0,45
2025-04-06T14:10:30,0,45,0,45
2025-04-06T14:18:05,0,45,0,45
2025-04-06T14:25:49,0,45,0,45
2025-04-06T14:33:24,0,45,0,45
2025-04-06T14:40:59,0,45,0,45
2025-04-06T14:48:34,0,45,0,45
2025-04-06T14:56:09,0,45,0,45
2025-04-06T15:03:44,0,45,0,45
2025-04-06T15:11:19,0,45,0,45
2025-04-06T15:18:54,0,45,0,45
2025-04-06T15:26:30,0,45,0,45
2025-04-06T15:34:05,0,45,0,45
2025-04-06T15:41:40,0,45,0,45
2025-04-06T15:49:15,0,45,0,45
2025-04-06T15:56:51,0,45,0,45
2025-04-06T16:04:26,0,45,0,45
2025-04-06T16:12:01,0,45,0,45
2025-04-06T16:19:46,0,45,0,45
2025-04-06T16:27:21,0,45,0,45
2025-04-06T16:34:56,0,45,0,45
2025-04-06T16:42:31,0,45,0,45
2025-04-06T16:50:06,0,45,0,45
2025-04-06T16:57:41,0,45,0,45
2025-04-06T17:05:17,0,45,0,45
2025-04-06T17:12:54,0,45,0,45
2025-04-06T17:20:30,0,45,0,45
2025-04-06T17:28:05,0,45,0,45
2025-04-06T17:35:40,0,45,0,45
2025-04-06T17:43:17,0,45,0,45
2025-04-06T17:50:52,0,45,0,45
2025-04-06T17:58:27,0,45,0,45
2025-04-06T18:06:02,0,45,0,45
2025-04-06T18:13:38,0,45,0,45
2025-04-06T18:21:23,0,45,0,45
2025-04-06T18:28:58,0,45,0,45
2025-04-06T18:36:33,0,45,0,45
2025-04-06T18:44:08,0,45,0,45
2025-04-06T18:51:43,0,45,0,45
2025-04-06T18:59:18,0,45,0,45
2025-04-06T19:06:53,0,45,0,45
2025-04-06T19:14:28,0,45,0,45
2025-04-06T19:22:03,0,45,0,45
2025-04-06T19:29:38,0,45,0,45
2025-04-06T19:37:13,0,45,0,45
2025-04-06T19:44:56,0,45,0,45
2025-04-06T19:52:31,0,45,0,45
2025-04-06T20:00:06,0,45,0,45
2025-04-06T20:07:41,0,45,0,45
2025-04-06T20:15:17,0,45,0,45
2025-04-06T20:22:52,0,45,0,45
2025-04-06T20:30:27,0,45,0,45
2025-04-06T20:38:02,0,45,0,45
2025-04-06T20:45:38,0,45,0,45
2025-04-06T20:53:13,0,45,0,45
2025-04-06T21:32:03,0,45,0,45
2025-04-06T21:39:38,0,45,0,45
2025-04-06T21:47:13,0,45,0,45
2025-04-06T21:54:49,0,45,0,45
2025-04-06T22:02:24,0,45,0,45
2025-04-06T22:09:59,0,45,0,45
2025-04-06T22:17:34,0,45,0,45
2025-04-06T22:25:09,0,45,0,45
2025-04-06T22:32:45,0,45,0,45
2025-04-06T22:40:21,0,45,0,45
2025-04-06T22:48:06,0,45,0,45
2025-04-06T22:55:42,0,45,0,45
2025-04-06T23:03:17,0,45,0,45
2025-04-06T23:10:52,0,45,0,45
2025-04-06T23:18:27,0,45,0,45
2025-04-06T23:26:01,0,45,0,45
2025-04-06T23:33:36,0,45,0,45
2025-04-06T23:41:12,0,45,0,45
2025-04-06T23:48:47,0,45,0,45
2025-04-06T23:56:23,0,45,0,45
2025-04-07T00:03:59,0,45,0,45
2025-04-07T00:11:35,0,45,0,45
2025-04-07T00:19:19,0,45,0,45
2025-04-07T00:26:55,0,45,0,45
2025-04-07T00:34:30,0,45,0,45
2025-04-07T00:42:05,0,45,0,45
2025-04-07T00:49:41,0,45,0,45
2025-04-07T00:57:17,0,45,0,45
2025-04-07T01:04:52,0,45,0,45
2025-04-07T01:12:27,0,45,0,45
2025-04-07T01:20:03,0,45,0,45
2025-04-07T01:27:38,0,45,0,45
2025-04-07T01:35:13,0,45,0,45
2025-04-07T01:42:49,0,45,0,45
2025-04-07T01:50:24,0,45,0,45
2025-04-07T01:57:59,0,45,0,45
2025-04-07T02:05:35,0,45,0,45
2025-04-07T02:13:11,0,45,0,45
2025-04-07T02:20:47,0,45,0,45
2025-04-07T02:28:23,0,45,0,45
2025-04-07T02:35:58,0,45,0,45
2025-04-07T02:43:33,0,45,0,45
2025-04-07T02:51:09,0,45,0,45
2025-04-07T02:58:45,0,45,0,45
2025-04-07T03:06:21,0,45,0,45
2025-04-07T03:13:57,0,45,0,45
2025-04-07T03:21:33,0,45,0,45
2025-04-07T03:29:10,0,45,0,45
2025-04-07T03:36:46,0,45,0,45
2025-04-07T03:44:30,0,45,0,45
2025-04-07T03:52:06,0,45,0,45
2025-04-07T03:59:42,0,45,0,45
2025-04-07T04:07:20,0,45,0,45
2025-04-07T04:16:36,0,45,0,45
2025-04-07T04:35:41,0,45,0,45
2025-04-07T04:43:18,0,45,0,45
2025-04-07T04:50:54,0,45,0,45
2025-04-07T04:58:31,0,45,0,45
2025-04-07T05:06:07,0,45,0,45
2025-04-07T05:13:43,0,45,0,45
2025-04-07T05:21:20,0,45,0,45
2025-04-07T05:28:56,0,45,0,45
2025-04-07T05:36:33,0,45,0,45
2025-04-07T05:44:10,0,45,0,45
2025-04-07T05:51:46,0,45,0,45
2025-04-07T05:59:22,0,45,0,45
2025-04-07T06:06:59,0,45,0,45
2025-04-07T06:14:35,0,45,0,45
2025-04-07T06:22:11,0,45,0,45
2025-04-07T06:29:47,0,45,0,45
2025-04-07T06:37:24,0,45,0,45
2025-04-07T06:45:00,0,45,0,45
2025-04-07T06:52:37,0,45,0,45
2025-04-07T07:00:13,0,45,0,45
2025-04-07T07:07:51,0,45,0,45
2025-04-07T07:15:28,0,45,0,45
2025-04-07T07:23:04,0,45,0,45
2025-04-07T07:30:41,0,45,0,45
2025-04-07T07:38:16,0,45,0,45
2025-04-07T08:01:56,0,45,0,45
2025-04-07T08:09:32,0,45,0,45
2025-04-07T08:17:08,0,45,0,45
2025-04-07T08:24:44,0,45,0,45
2025-04-07T08:32:20,0,45,0,45
2025-04-07T08:39:55,0,45,0,45
2025-04-07T08:47:30,0,45,0,45
2025-04-07T08:55:06,0,45,0,45
2025-04-07T09:02:41,0,45,0,45
2025-04-07T09:10:17,0,45,0,45
2025-04-07T09:17:54,0,45,0,45
2025-04-07T09:25:29,0,45,0,45
2025-04-07T09:33:05,0,45,0,45
2025-04-07T09:40:40,0,45,0,45
2025-04-07T09:48:24,0,45,0,45
2025-04-07T09:55:59,0,45,0,45
2025-04-07T10:03:34,0,45,0,45
2025-04-07T10:11:10,0,45,0,45
2025-04-07T10:18:45,0,45,0,45
2025-04-07T10:26:20,0,45,0,45
2025-04-07T10:33:55,0,45,0,45
2025-04-07T10:41:30,0,45,0,45
2025-04-07T10:49:17,0,45,0,45
2025-04-07T10:56:52,0,45,0,45
2025-04-07T11:04:27,0,45,0,45
2025-04-07T11:12:05,0,45,0,45
2025-04-07T11:19:40,0,45,0,45
2025-04-07T11:27:16,0,45,0,45
2025-04-07T11:34:51,0,45,0,45
2025-04-07T11:42:37,0,45,0,45
2025-04-07T11:50:13,0,45,0,45
2025-04-07T11:57:48,0,45,0,45
2025-04-07T12:05:23,0,45,0,45
2025-04-07T12:12:58,0,45,0,45
2025-04-07T12:20:34,0,45,0,45
2025-04-07T12:28:09,0,45,0,45
2025-04-07T12:35:54,0,45,0,45
2025-04-07T12:43:29,0,45,0,45
2025-04-07T12:51:04,0,45,0,45
2025-04-07T12:58:39,0,45,0,45
2025-04-07T13:06:15,0,45,0,45
2025-04-07T13:13:51,0,45,0,45
2025-04-07T13:21:26,0,45,0,45
2025-04-07T13:29:01,0,45,0,45
2025-04-07T13:36:47,0,45,0,45
2025-04-07T13:44:23,0,45,0,45
2025-04-07T13:51:58,0,45,0,45
2025-04-07T13:59:33,0,45,0,45
2025-04-07T14:07:08,0,45,0,45
2025-04-07T14:14:43,0,45,0,45
2025-04-07T14:22:19,0,45,0,45
2025-04-07T14:30:04,0,45,0,45
2025-04-07T14:37:39,0,45,0,45
2025-04-07T14:45:15,0,45,0,45
2025-04-07T14:52:50,0,45,0,45
2025-04-07T15:00:25,0,45,0,45
2025-04-07T15:08:01,0,45,0,45
2025-04-07T15:15:36,0,45,0,45
2025-04-07T15:23:12,0,45,0,45
2025-04-07T15:30:56,0,45,0,45
2025-04-07T15:38:32,0,45,0,45
2025-04-07T15:46:07,0,45,0,45
2025-04-07T15:53:42,0,45,0,45
2025-04-07T16:01:17,0,45,0,45
2025-04-07T16:08:52,0,45,0,45
2025-04-07T16:16:28,0,45,0,45
2025-04-07T16:24:13,0,45,0,45
2025-04-07T16:31:48,0,45,0,45
2025-04-07T16:39:23,0,45,0,45
2025-04-07T16:46:58,0,45,0,45
2025-04-07T16:54:33,0,45,0,45
2025-04-07T17:02:09,0,45,0,45
2025-04-07T17:09:45,0,45,0,45
2025-04-07T17:17:21,0,45,0,45
2025-04-07T17:24:56,0,45,0,45
2025-04-07T17:32:41,0,45,0,45
2025-04-07T17:40:17,0,45,0,45
2025-04-07T17:47:53,0,45,0,45
2025-04-07T17:55:28,0,45,0,45
2025-04-07T18:03:03,0,45,0,45
2025-04-07T18:10:38,0,45,0,45
2025-04-07T18:18:14,0,45,0,45
2025-04-07T18:25:49,0,45,0,45
2025-04-07T18:33:24,0,45,0,45
2025-04-07T18:41:08,0,45,0,45
2025-04-07T18:48:43,0,45,0,45
2025-04-07T18:56:18,0,45,0,45
2025-04-07T19:03:54,0,45,0,45
2025-04-07T19:11:29,0,45,0,45
2025-04-07T19:19:05,0,45,0,45
2025-04-07T19:26:40,0,45,0,45
2025-04-07T19:34:15,0,45,0,45
2025-04-07T19:41:51,0,45,0,45
2025-04-07T19:49:26,0,45,0,45
2025-04-07T19:57:01,0,45,0,45
2025-04-07T20:04:37,0,45,0,45
2025-04-07T20:12:12,0,45,0,45
2025-04-07T20:19:56,0,45,0,45
2025-04-07T20:27:32,0,45,0,45
2025-04-07T20:35:07,0,45,0,45
2025-04-07T20:42:42,0,45,0,45
2025-04-07T20:50:17,0,45,0,45
2025-04-07T20:57:52,0,45,0,45
2025-04-07T21:05:27,0,45,0,45
2025-04-07T21:13:02,0,45,0,45
2025-04-07T21:20:37,0,45,0,45
2025-04-07T21:28:21,0,45,0,45
2025-04-07T21:35:56,0,45,0,45
2025-04-07T21:43:31,0,45,0,45
2025-04-07T21:51:06,0,45,0,45
2025-04-07T21:58:41,0,45,0,45
2025-04-07T22:06:16,0,45,0,45
2025-04-07T22:13:52,0,45,0,45
2025-04-07T22:21:27,0,45,0,45
2025-04-07T22:29:02,0,45,0,45
2025-04-07T22:36:40,0,45,0,45
2025-04-07T22:44:15,0,45,0,45
2025-04-07T22:52:00,0,45,0,45
2025-04-07T22:59:35,0,45,0,45
2025-04-07T23:07:11,0,45,0,45
2025-04-07T23:14:47,0,45,0,45
2025-04-07T23:22:23,0,45,0,45
2025-04-07T23:29:58,0,45,0,45
2025-04-07T23:37:34,0,45,0,45
2025-04-07T23:45:11,0,45,0,45
2025-04-07T23:52:46,0,45,0,45
2025-04-08T00:00:21,0,45,0,45
2025-04-08T00:07:57,0,45,0,45
2025-04-08T00:15:32,0,45,0,45
2025-04-08T00:23:08,0,45,0,45
2025-04-08T00:30:45,0,45,0,45
2025-04-08T00:38:32,0,45,0,45
2025-04-08T00:46:08,0,45,0,45
2025-04-08T00:53:43,0,45,0,45
2025-04-08T01:01:20,0,45,0,45
2025-04-08T01:08:55,0,45,0,45
2025-04-08T01:16:31,0,45,0,45
2025-04-08T01:24:08,0,45,0,45
2025-04-08T01:31:45,0,45,0,45
2025-04-08T01:39:21,0,45,0,45
2025-04-08T01:46:56,0,45,0,45
2025-04-08T01:54:33,0,45,0,45
2025-04-08T02:02:08,0,45,0,45
2025-04-08T02:09:44,0,45,0,45
2025-04-08T02:17:19,0,45,0,45
2025-04-08T02:24:55,0,45,0,45
2025-04-08T02:32:31,0,45,0,45
2025-04-08T02:40:07,0,45,0,45
2025-04-08T02:47:43,0,45,0,45
2025-04-08T02:55:18,0,45,0,45
2025-04-08T03:02:54,0,45,0,45
2025-04-08T03:10:38,0,45,0,45
2025-04-08T03:18:14,0,45,0,45
2025-04-08T03:25:50,0,45,0,45
2025-04-08T03:33:26,0,45,0,45
2025-04-08T03:41:02,0,45,0,45
2025-04-08T03:48:38,0,45,0,45
2025-04-08T03:56:15,0,45,0,45
2025-04-08T04:03:52,0,45,0,45
2025-04-08T04:29:18,0,45,0,45
2025-04-08T04:37:13,0,45,0,45
2025-04-08T04:44:49,0,45,0,45
2025-04-08T04:52:25,0,45,0,45
2025-04-08T05:00:01,0,45,0,45
2025-04-08T05:07:38,0,45,0,45
2025-04-08T05:15:14,0,45,0,45
2025-04-08T05:22:50,0,45,0,45
2025-04-08T05:30:26,0,45,0,45
2025-04-08T05:38:02,0,45,0,45
2025-04-08T05:45:38,0,45,0,45
2025-04-08T05:53:14,0,45,0,45
2025-04-08T06:00:50,0,45,0,45
2025-04-08T06:08:26,0,45,0,45
2025-04-08T06:16:02,0,45,0,45
2025-04-08T06:23:39,0,45,0,45
2025-04-08T06:31:15,0,45,0,45
2025-04-08T06:38:51,0,45,0,45
2025-04-08T06:46:27,0,45,0,45
2025-04-08T06:54:03,0,45,0,45
2025-04-08T07:01:39,0,45,0,45
2025-04-08T07:09:17,0,45,0,45
2025-04-08T07:16:54,0,45,0,45
2025-04-08T07:24:29,0,45,0,45
2025-04-08T07:32:05,0,45,0,45
2025-04-08T07:39:43,0,45,0,45
2025-04-08T07:47:19,0,45,0,45
2025-04-08T07:54:54,0,45,0,45
2025-04-08T08:02:30,0,45,0,45
2025-04-08T08:10:06,0,45,0,45
2025-04-08T08:17:41,0,45,0,45
2025-04-08T08:25:26,0,45,0,45
2025-04-08T08:33:02,0,45,0,45
2025-04-08T08:40:37,0,45,0,45
2025-04-08T08:48:12,0,45,0,45
2025-04-08T08:55:48,0,45,0,45
2025-04-08T09:03:23,0,45,0,45
2025-04-08T09:10:58,0,45,0,45
2025-04-08T09:18:33,0,45,0,45
2025-04-08T09:26:09,0,45,0,45
2025-04-08T09:33:44,0,45,0,45
2025-04-08T09:41:19,0,45,0,45
2025-04-08T09:49:05,0,45,0,45
2025-04-08T09:56:40,0,45,0,45
2025-04-08T10:04:16,0,45,0,45
2025-04-08T10:11:51,0,45,0,45
2025-04-08T10:19:27,0,45,0,45
2025-04-08T10:27:02,0,45,0,45
2025-04-08T10:34:38,0,45,0,45
2025-04-08T10:42:14,0,45,0,45
2025-04-08T10:50:00,0,45,0,45
2025-04-08T10:57:36,0,45,0,45
2025-04-08T11:05:11,0,45,0,45
2025-04-08T11:12:48,0,45,0,45
2025-04-08T11:20:23,0,45,0,45
2025-04-08T11:27:59,0,45,0,45
2025-04-08T11:35:34,0,45,0,45
2025-04-08T11:43:21,0,45,0,45
2025-04-08T11:50:56,0,45,0,45
2025-04-08T11:58:31,0,45,0,45
2025-04-08T12:06:07,0,45,0,45
2025-04-08T12:13:42,0,45,0,45
2025-04-08T12:21:17,0,45,0,45
2025-04-08T12:29:03,0,45,0,45
2025-04-08T12:36:38,0,45,0,45
2025-04-08T12:44:14,0,45,0,45
2025-04-08T12:51:49,0,45,0,45
2025-04-08T12:59:24,0,45,0,45
2025-04-08T13:07:00,0,45,0,45
2025-04-08T13:14:35,0,45,0,45
2025-04-08T13:22:20,0,45,0,45
2025-04-08T13:29:55,0,45,0,45
2025-04-08T13:37:30,0,45,0,45
2025-04-08T13:45:05,0,45,0,45
2025-04-08T13:52:41,0,45,0,45
2025-04-08T14:00:16,0,45,0,45
2025-04-08T14:07:51,0,45,0,45
2025-04-08T14:15:36,0,45,0,45
2025-04-08T14:23:11,0,45,0,45
2025-04-08T14:30:47,0,45,0,45
2025-04-08T14:38:23,0,45,0,45
2025-04-08T14:45:58,0,45,0,45
2025-04-08T14:53:33,0,45,0,45
2025-04-08T15:01:09,0,45,0,45
2025-04-08T15:08:54,0,45,0,45
2025-04-08T15:16:29,0,45,0,45
2025-04-08T15:24:04,0,45,0,45
2025-04-08T15:31:40,0,45,0,45
2025-04-08T15:39:15,0,45,0,45
2025-04-08T15:46:50,0,45,0,45
2025-04-08T15:54:36,0,45,0,45
2025-04-08T16:02:11,0,45,0,45
2025-04-08T16:09:46,0,45,0,45
2025-04-08T16:17:22,0,45,0,45
2025-04-08T16:24:57,0,45,0,45
2025-04-08T16:32:32,0,45,0,45
2025-04-08T16:40:07,0,45,0,45
2025-04-08T16:47:42,0,45,0,45
2025-04-08T16:55:27,0,45,0,45
2025-04-08T17:03:02,0,45,0,45
2025-04-08T17:10:38,0,45,0,45
2025-04-08T17:18:14,0,45,0,45
2025-04-08T17:25:49,0,45,0,45
2025-04-08T17:33:24,0,45,0,45
2025-04-08T17:41:00,0,45,0,45
2025-04-08T17:48:35,0,45,0,45
2025-04-08T17:56:10,0,45,0,45
2025-04-08T18:03:54,0,45,0,45
2025-04-08T18:11:30,0,45,0,45
2025-04-08T18:19:05,0,45,0,45
2025-04-08T18:26:40,0,45,0,45
2025-04-08T18:34:15,0,45,0,45
2025-04-08T18:41:50,0,45,0,45
2025-04-08T18:49:25,0,45,0,45
2025-04-08T18:57:00,0,45,0,45
2025-04-08T19:04:36,0,45,0,45
2025-04-08T19:12:12,0,45,0,45
2025-04-08T19:19:48,0,45,0,45
2025-04-08T19:27:33,0,45,0,45
2025-04-08T19:35:08,0,45,0,45
2025-04-08T19:42:43,0,45,0,45
2025-04-08T19:50:19,0,45,0,45
2025-04-08T19:57:54,0,45,0,45
2025-04-08T20:05:29,0,45,0,45
2025-04-08T20:13:04,0,45,0,45
2025-04-08T20:20:39,0,45,0,45
2025-04-08T20:28:14,0,45,0,45
2025-04-08T20:35:49,0,45,0,45
2025-04-08T20:43:25,0,45,0,45
2025-04-08T20:51:00,0,45,0,45
2025-04-08T20:58:35,0,45,0,45
2025-04-08T21:06:10,0,45,0,45
2025-04-08T21:13:55,0,45,0,45
2025-04-08T21:21:30,0,45,0,45
2025-04-08T21:29:05,0,45,0,45
2025-04-08T21:36:41,0,45,0,45
2025-04-08T21:44:16,0,45,0,45
2025-04-08T21:51:51,0,45,0,45
2025-04-08T21:59:25,0,45,0,45
2025-04-08T22:07:00,0,45,0,45
2025-04-08T22:14:36,0,45,0,45
2025-04-08T22:22:11,0,45,0,45
2025-04-08T22:29:46,0,45,0,45
2025-04-08T22:37:32,0,45,0,45
2025-04-08T22:45:08,0,45,0,45
2025-04-08T22:52:42,0,45,0,45
2025-04-08T23:00:18,0,45,0,45
2025-04-08T23:07:53,0,45,0,45
2025-04-08T23:15:29,0,45,0,45
2025-04-08T23:23:04,0,45,0,45
2025-04-08T23:30:39,0,45,0,45
2025-04-08T23:38:14,0,45,0,45
2025-04-08T23:45:49,0,45,0,45
2025-04-08T23:53:24,0,45,0,45
2025-04-09T00:01:00,0,45,0,45
2025-04-09T00:08:37,0,45,0,45
2025-04-09T00:16:14,0,45,0,45
2025-04-09T00:23:50,0,45,0,45
2025-04-09T00:31:26,0,45,0,45
2025-04-09T00:39:11,0,45,0,45
2025-04-09T00:46:47,0,45,0,45
2025-04-09T00:54:23,0,45,0,45
2025-04-09T01:02:00,0,45,0,45
2025-04-09T01:09:38,0,45,0,45
2025-04-09T01:17:14,0,45,0,45
2025-04-09T01:24:50,0,45,0,45
2025-04-09T01:32:26,0,45,0,45
2025-04-09T01:40:02,0,45,0,45
2025-04-09T01:47:39,0,45,0,45
2025-04-09T01:55:15,0,45,0,45
2025-04-09T02:02:51,0,45,0,45
2025-04-09T02:10:27,0,45,0,45
2025-04-09T02:18:03,0,45,0,45
2025-04-09T02:25:39,0,45,0,45
2025-04-09T02:33:16,0,45,0,45
2025-04-09T02:40:53,0,45,0,45
2025-04-09T02:48:39,0,45,0,45
2025-04-09T02:56:14,0,45,0,45
2025-04-09T03:03:51,0,45,0,45
2025-04-09T03:11:27,0,45,0,45
2025-04-09T03:19:03,0,45,0,45
2025-04-09T03:26:38,0,45,0,45
2025-04-09T03:34:14,0,45,0,45
2025-04-09T03:41:50,0,45,0,45
2025-04-09T03:49:26,0,45,0,45
2025-04-09T03:57:13,0,45,0,45
2025-04-09T04:04:48,0,45,0,45
2025-04-09T04:12:24,0,45,0,45
2025-04-09T04:35:23,0,45,0,45
2025-04-09T04:42:59,0,45,0,45
2025-04-09T04:50:35,0,45,0,45
2025-04-09T04:58:11,0,45,0,45
2025-04-09T05:07:03,0,45,0,45
2025-04-09T05:14:59,0,45,0,45
2025-04-09T05:22:35,0,45,0,45
2025-04-09T05:30:11,0,45,0,45
2025-04-09T05:37:48,0,45,0,45
2025-04-09T05:45:25,0,45,0,45
2025-04-09T05:53:01,0,45,0,45
2025-04-09T06:00:37,0,45,0,45
2025-04-09T06:08:13,0,45,0,45
2025-04-09T06:15:49,0,45,0,45
2025-04-09T06:23:25,0,45,0,45
2025-04-09T06:31:02,0,45,0,45
2025-04-09T06:38:37,0,45,0,45
2025-04-09T06:46:13,0,45,0,45
2025-04-09T06:53:49,0,45,0,45
2025-04-09T07:01:25,0,45,0,45
2025-04-09T07:09:02,0,45,0,45
2025-04-09T07:16:37,0,45,0,45
2025-04-09T07:24:13,0,45,0,45
2025-04-09T07:31:49,0,45,0,45
2025-04-09T07:39:24,0,45,0,45
2025-04-09T07:46:59,0,45,0,45
2025-04-09T07:54:37,0,45,0,45
2025-04-09T08:02:12,0,45,0,45
2025-04-09T08:09:48,0,45,0,45
2025-04-09T08:17:24,0,45,0,45
2025-04-09T08:25:05,0,45,0,45
2025-04-09T08:32:40,0,45,0,45
2025-04-09T08:40:15,0,45,0,45
2025-04-09T08:47:50,0,45,0,45
2025-04-09T08:55:26,0,45,0,45
2025-04-09T09:03:01,0,45,0,45
2025-04-09T09:10:36,0,45,0,45
2025-04-09T09:18:12,0,45,0,45
2025-04-09T09:25:47,0,45,0,45
2025-04-09T09:33:22,0,45,0,45
2025-04-09T09:40:57,0,45,0,45
2025-04-09T09:48:32,0,45,0,45
2025-04-09T09:56:07,0,45,0,45
2025-04-09T10:03:42,0,45,0,45
2025-04-09T10:11:32,0,45,0,45
2025-04-09T10:19:08,0,45,0,45
2025-04-09T10:26:44,0,45,0,45
2025-04-09T10:34:20,0,45,0,45
2025-04-09T10:41:56,0,45,0,45
2025-04-09T10:49:32,0,45,0,45
2025-04-09T10:57:09,0,45,0,45
2025-04-09T11:04:45,0,45,0,45
2025-04-09T11:12:21,0,45,0,45
2025-04-09T11:20:06,0,45,0,45
2025-04-09T11:27:43,0,45,0,45
2025-04-09T11:35:19,0,45,0,45
2025-04-09T11:42:55,0,45,0,45
2025-04-09T11:50:32,0,45,0,45
2025-04-09T11:58:10,0,45,0,45
2025-04-09T12:05:47,0,45,0,45
2025-04-09T12:13:26,0,45,0,45
2025-04-09T12:21:12,0,45,0,45
2025-04-09T12:28:50,0,45,0,45
2025-04-09T12:36:27,0,45,0,45
2025-04-09T12:44:04,0,45,0,45
2025-04-09T12:51:41,0,45,0,45
2025-04-09T12:59:19,0,45,0,45
2025-04-09T13:06:56,0,45,0,45
2025-04-09T13:14:43,0,45,0,45
2025-04-09T13:22:20,0,45,0,45
2025-04-09T13:29:57,0,45,0,45
2025-04-09T13:37:34,0,45,0,45
2025-04-09T13:45:12,0,45,0,45
2025-04-09T13:52:49,0,45,0,45
2025-04-09T14:00:26,0,45,0,45
2025-04-09T14:08:03,0,45,0,45
2025-04-09T14:15:41,0,45,0,45
2025-04-09T14:23:27,0,45,0,45
2025-04-09T14:31:04,0,45,0,45
2025-04-09T14:38:42,0,45,0,45
2025-04-09T14:46:19,0,45,0,45
2025-04-09T14:53:56,0,45,0,45
2025-04-09T15:01:34,0,45,0,45
2025-04-09T15:09:11,0,45,0,45
2025-04-09T15:16:48,0,45,0,45
2025-04-09T15:24:27,0,45,0,45
2025-04-09T15:32:14,0,45,0,45
2025-04-09T15:39:51,0,45,0,45
2025-04-09T15:47:28,0,45,0,45
2025-04-09T15:55:07,0,45,0,45
2025-04-09T16:02:45,0,45,0,45
2025-04-09T16:10:22,0,45,0,45
2025-04-09T16:18:01,0,45,0,45
2025-04-09T16:25:39,0,45,0,45
2025-04-09T16:33:18,0,45,0,45
2025-04-09T16:41:11,0,45,0,45
2025-04-09T16:48:52,0,45,0,45
2025-04-09T16:56:32,0,45,0,45
2025-04-09T17:04:10,0,45,0,45
2025-04-09T17:11:48,0,45,0,45
2025-04-09T17:19:26,0,45,0,45
2025-04-09T17:27:04,0,45,0,45
2025-04-09T17:34:41,0,45,0,45
2025-04-09T17:42:18,0,45,0,45
2025-04-09T17:49:55,0,45,0,45
2025-04-09T17:57:32,0,45,0,45
2025-04-09T18:05:18,0,45,0,45
2025-04-09T18:12:56,0,45,0,45
2025-04-09T18:20:33,0,45,0,45
2025-04-09T18:28:10,0,45,0,45
2025-04-09T18:35:47,0,45,0,45
2025-04-09T18:43:24,0,45,0,45
2025-04-09T18:51:01,0,45,0,45
2025-04-09T18:58:38,0,45,0,45
2025-04-09T19:06:15,0,45,0,45
2025-04-09T19:13:52,0,45,0,45
2025-04-09T19:21:29,0,45,0,45
2025-04-09T19:29:06,0,45,0,45
2025-04-09T19:36:43,0,45,0,45
2025-04-09T19:44:29,0,45,0,45
2025-04-09T19:52:06,0,45,0,45
2025-04-09T19:59:43,0,45,0,45
2025-04-09T20:07:20,0,45,0,45
2025-04-09T20:14:57,0,45,0,45
2025-04-09T20:22:34,0,45,0,45
2025-04-09T20:30:11,0,45,0,45
2025-04-09T20:37:48,0,45,0,45
2025-04-09T20:45:25,0,45,0,45
2025-04-09T20:53:02,0,45,0,45
2025-04-09T21:00:39,0,45,0,45
2025-04-09T21:08:16,0,45,0,45
2025-04-09T21:15:53,0,45,0,45
2025-04-09T21:23:30,0,45,0,45
2025-04-09T21:31:08,0,45,0,45
2025-04-09T21:38:45,0,45,0,45
2025-04-09T21:46:30,0,45,0,45
2025-04-09T21:54:07,0,45,0,45
2025-04-09T22:01:44,0,45,0,45
2025-04-09T22:09:22,0,45,0,45
2025-04-09T22:16:59,0,45,0,45
2025-04-09T22:24:36,0,45,0,45
2025-04-09T22:32:14,0,45,0,45
2025-04-09T22:39:51,0,45,0,45
2025-04-09T22:47:29,0,45,0,45
2025-04-09T22:55:06,0,45,0,45
2025-04-09T23:02:43,0,45,0,45
2025-04-09T23:10:20,0,45,0,45
2025-04-09T23:17:59,0,45,0,45
2025-04-09T23:25:46,0,45,0,45
2025-04-09T23:33:23,0,45,0,45
2025-04-09T23:41:00,0,45,0,45
2025-04-09T23:48:37,0,45,0,45
2025-04-09T23:56:14,0,45,0,45
2025-04-10T00:03:52,0,45,0,45
2025-04-10T00:11:30,0,45,0,45
2025-04-10T00:19:09,0,45,0,45
2025-04-10T00:26:47,0,45,0,45
2025-04-10T00:34:25,0,45,0,45
2025-04-10T00:42:03,0,45,0,45
2025-04-10T00:49:41,0,45,0,45
2025-04-10T00:57:19,0,45,0,45
2025-04-10T01:04:57,0,45,0,45
2025-04-10T01:12:35,0,45,0,45
2025-04-10T01:20:13,0,45,0,45
2025-04-10T01:27:51,0,45,0,45
2025-04-10T01:35:29,0,45,0,45
2025-04-10T01:43:07,0,45,0,45
2025-04-10T01:50:45,0,45,0,45
2025-04-10T01:58:23,0,45,0,45
2025-04-10T02:06:00,0,45,0,45
2025-04-10T02:13:38,0,45,0,45
2025-04-10T02:21:17,0,45,0,45
2025-04-10T02:29:02,0,45,0,45
2025-04-10T02:36:39,0,45,0,45
2025-04-10T02:44:16,0,45,0,45
2025-04-10T02:51:54,0,45,0,45
2025-04-10T02:59:32,0,45,0,45
2025-04-10T03:07:10,0,45,0,45
2025-04-10T03:14:48,0,45,0,45
2025-04-10T03:22:26,0,45,0,45
2025-04-10T03:30:04,0,45,0,45
2025-04-10T03:37:41,0,45,0,45
2025-04-10T03:45:18,0,45,0,45
2025-04-10T03:52:56,0,45,0,45
2025-04-10T04:02:33,0,45,0,45
2025-04-10T04:10:27,0,45,0,45
2025-04-10T04:35:17,0,45,0,45
2025-04-10T04:42:55,0,45,0,45
2025-04-10T04:50:33,0,45,0,45
2025-04-10T04:58:12,0,45,0,45
2025-04-10T05:05:49,0,45,0,45
2025-04-10T05:13:27,0,45,0,45
2025-04-10T05:21:05,0,45,0,45
2025-04-10T05:28:43,0,45,0,45
2025-04-10T05:36:22,0,45,0,45
2025-04-10T05:44:01,0,45,0,45
2025-04-10T05:51:40,0,45,0,45
2025-04-10T05:59:18,0,45,0,45
2025-04-10T06:06:56,0,45,0,45
2025-04-10T06:14:35,0,45,0,45
2025-04-10T06:22:13,0,45,0,45
2025-04-10T06:29:51,0,45,0,45
2025-04-10T06:37:29,0,45,0,45
2025-04-10T06:45:07,0,45,0,45
2025-04-10T06:52:45,0,45,0,45
2025-04-10T07:00:23,0,45,0,45
2025-04-10T07:08:00,0,45,0,45
2025-04-10T07:15:38,0,45,0,45
2025-04-10T07:23:15,0,45,0,45
2025-04-10T07:30:53,0,45,0,45
2025-04-10T07:38:30,0,45,0,45
2025-04-10T07:46:08,0,45,0,45
2025-04-10T07:53:45,0,45,0,45
2025-04-10T08:01:22,0,45,0,45
2025-04-10T08:08:59,0,45,0,45
2025-04-10T08:16:45,0,45,0,45
2025-04-10T08:24:22,0,45,0,45
2025-04-10T08:31:59,0,45,0,45
2025-04-10T08:39:36,0,45,0,45
2025-04-10T08:47:13,0,45,0,45
2025-04-10T08:54:50,0,45,0,45
2025-04-10T09:02:27,0,45,0,45
2025-04-10T09:10:04,0,45,0,45
2025-04-10T09:17:42,0,45,0,45
2025-04-10T09:25:19,0,45,0,45
2025-04-10T09:32:56,0,45,0,45
2025-04-10T09:40:33,0,45,0,45
2025-04-10T09:48:10,0,45,0,45
2025-04-10T09:55:47,0,45,0,45
2025-04-10T10:03:24,0,45,0,45
2025-04-10T10:11:12,0,45,0,45
2025-04-10T10:18:49,0,45,0,45
2025-04-10T10:26:26,0,45,0,45
2025-04-10T10:34:03,0,45,0,45
2025-04-10T10:41:40,0,45,0,45
2025-04-10T10:49:17,0,45,0,45
2025-04-10T10:56:55,0,45,0,45
2025-04-10T11:04:32,0,45,0,45
2025-04-10T11:12:09,0,45,0,45
2025-04-10T11:19:47,0,45,0,45
2025-04-10T11:27:34,0,45,0,45
2025-04-10T11:35:11,0,45,0,45
2025-04-10T11:42:48,0,45,0,45
2025-04-10T11:50:26,0,45,0,45
2025-04-10T11:58:03,0,45,0,45
2025-04-10T12:05:41,0,45,0,45
2025-04-10T12:13:19,0,45,0,45
2025-04-10T12:20:57,0,45,0,45
2025-04-10T12:28:45,0,45,0,45
2025-04-10T12:36:23,0,45,0,45
2025-04-10T12:44:02,0,45,0,45
2025-04-10T12:51:40,0,45,0,45
2025-04-10T12:59:18,0,45,0,45
2025-04-10T13:06:56,0,45,0,45
2025-04-10T13:14:34,0,45,0,45
2025-04-10T13:22:22,0,45,0,45
2025-04-10T13:30:01,0,45,0,45
2025-04-10T13:37:40,0,45,0,45
2025-04-10T13:45:19,0,45,0,45
2025-04-10T13:52:59,0,45,0,45
2025-04-10T14:00:40,0,45,0,45
2025-04-10T14:08:20,0,45,0,45
2025-04-10T14:16:05,0,45,0,45
2025-04-10T14:23:43,0,45,0,45
2025-04-10T14:31:22,0,45,0,45
2025-04-10T14:39:12,0,45,0,45
2025-04-10T14:46:52,0,45,0,45
2025-04-10T14:54:31,0,45,0,45
2025-04-10T15:02:10,0,45,0,45
2025-04-10T15:09:50,0,45,0,45
2025-04-10T15:17:28,0,45,0,45
2025-04-10T15:25:07,0,45,0,45
2025-04-10T15:32:57,0,45,0,45
2025-04-10T15:40:36,0,45,0,45
2025-04-10T15:48:15,0,45,0,45
2025-04-10T15:55:55,0,45,0,45
2025-04-10T16:03:34,0,45,0,45
2025-04-10T16:11:12,0,45,0,45
2025-04-10T16:18:52,0,45,0,45
2025-04-10T16:26:30,0,45,0,45
2025-04-10T16:34:09,0,45,0,45
2025-04-10T16:41:47,0,45,0,45
2025-04-10T16:49:35,0,45,0,45
2025-04-10T16:57:14,0,45,0,45
2025-04-10T17:04:53,0,45,0,45
2025-04-10T17:12:32,0,45,0,45
2025-04-10T17:20:10,0,45,0,45
2025-04-10T17:27:48,0,45,0,45
2025-04-10T17:35:28,0,45,0,45
2025-04-10T17:43:06,0,45,0,45
2025-04-10T17:50:44,0,45,0,45
2025-04-10T17:58:24,0,45,0,45
2025-04-10T18:06:02,0,45,0,45
2025-04-10T18:13:50,0,45,0,45
2025-04-10T18:21:29,0,45,0,45
2025-04-10T18:29:07,0,45,0,45
2025-04-10T18:36:45,0,45,0,45
2025-04-10T18:44:23,0,45,0,45
2025-04-10T18:52:01,0,45,0,45
2025-04-10T18:59:40,0,45,0,45
2025-04-10T19:07:19,0,45,0,45
2025-04-10T19:14:57,0,45,0,45
2025-04-10T19:22:35,0,45,0,45
2025-04-10T19:30:14,0,45,0,45
2025-04-10T19:37:53,0,45,0,45
2025-04-10T19:45:31,0,45,0,45
2025-04-10T19:53:09,0,45,0,45
2025-04-10T20:00:58,0,45,0,45
2025-04-10T20:08:37,0,45,0,45
2025-04-10T20:16:16,0,45,0,45
2025-04-10T20:23:54,0,45,0,45
2025-04-10T20:31:32,0,45,0,45
2025-04-10T20:39:10,0,45,0,45
2025-04-10T20:46:49,0,45,0,45
2025-04-10T20:54:28,0,45,0,45
2025-04-10T21:02:06,0,45,0,45
2025-04-10T21:09:44,0,45,0,45
2025-04-10T21:17:23,0,45,0,45
2025-04-10T21:25:10,0,45,0,45
2025-04-10T21:32:49,0,45,0,45
2025-04-10T21:40:27,0,45,0,45
2025-04-10T21:48:05,0,45,0,45
2025-04-10T21:55:44,0,45,0,45
2025-04-10T22:03:22,0,45,0,45
2025-04-10T22:11:00,0,45,0,45
2025-04-10T22:18:39,0,45,0,45
2025-04-10T22:26:17,0,45,0,45
2025-04-10T22:33:55,0,45,0,45
2025-04-10T22:41:34,0,45,0,45
2025-04-10T22:49:13,0,45,0,45
2025-04-10T22:56:52,0,45,0,45
2025-04-10T23:04:30,0,45,0,45
2025-04-10T23:12:19,0,45,0,45
2025-04-10T23:19:58,0,45,0,45
2025-04-10T23:27:37,0,45,0,45
2025-04-10T23:35:15,0,45,0,45
2025-04-10T23:42:53,0,45,0,45
2025-04-10T23:50:31,0,45,0,45
2025-04-10T23:58:09,0,45,0,45
2025-04-11T00:05:48,0,45,0,45
2025-04-11T00:13:28,0,45,0,45
2025-04-11T00:21:07,0,45,0,45
2025-04-11T00:28:47,0,45,0,45
2025-04-11T00:36:26,0,45,0,45
2025-04-11T00:44:05,0,45,0,45
2025-04-11T00:51:44,0,45,0,45
2025-04-11T00:59:24,0,45,0,45
2025-04-11T01:07:13,0,45,0,45
2025-04-11T01:14:52,0,45,0,45
2025-04-11T01:22:31,0,45,0,45
2025-04-11T01:30:10,0,45,0,45
2025-04-11T01:37:49,0,45,0,45
2025-04-11T01:45:28,0,45,0,45
2025-04-11T01:53:07,0,45,0,45
2025-04-11T02:00:46,0,45,0,45
2025-04-11T02:08:26,0,45,0,45
2025-04-11T02:16:04,0,45,0,45
2025-04-11T02:23:44,0,45,0,45
2025-04-11T02:31:23,0,45,0,45
2025-04-11T02:39:01,0,45,0,45
2025-04-11T02:46:40,0,45,0,45
2025-04-11T02:54:19,0,45,0,45
2025-04-11T03:01:59,0,45,0,45
2025-04-11T03:10:00,0,45,0,45
2025-04-11T03:17:40,0,45,0,45
2025-04-11T03:25:20,0,45,0,45
2025-04-11T03:32:58,0,45,0,45
2025-04-11T03:40:37,0,45,0,45
2025-04-11T03:48:16,0,45,0,45
2025-04-11T03:55:55,0,45,0,45
2025-04-11T04:03:34,0,45,0,45
2025-04-11T04:11:14,0,45,0,45
2025-04-11T04:30:12,0,45,0,45
2025-04-11T04:37:53,0,45,0,45
2025-04-11T04:45:33,0,45,0,45
2025-04-11T04:53:11,0,45,0,45
2025-04-11T05:00:51,0,45,0,45
2025-04-11T05:08:30,0,45,0,45
2025-04-11T05:16:09,0,45,0,45
2025-04-11T05:23:48,0,45,0,45
2025-04-11T05:31:27,0,45,0,45
2025-04-11T05:39:06,0,45,0,45
2025-04-11T05:46:45,0,45,0,45
2025-04-11T05:54:24,0,45,0,45
2025-04-11T06:02:03,0,45,0,45
2025-04-11T06:09:42,0,45,0,45
2025-04-11T06:17:21,0,45,0,45
2025-04-11T06:25:01,0,45,0,45
2025-04-11T06:32:40,0,45,0,45
2025-04-11T06:40:19,0,45,0,45
2025-04-11T06:47:58,0,45,0,45
2025-04-11T06:55:37,0,45,0,45
2025-04-11T07:03:16,0,45,0,45
2025-04-11T07:10:55,0,45,0,45
2025-04-11T07:18:34,0,45,0,45
2025-04-11T07:26:13,0,45,0,45
2025-04-11T07:33:52,0,45,0,45
2025-04-11T07:41:31,0,45,0,45
2025-04-11T07:49:10,0,45,0,45
2025-04-11T07:56:49,0,45,0,45
2025-04-11T08:04:28,0,45,0,45
2025-04-11T08:12:07,0,45,0,45
2025-04-11T08:19:46,0,45,0,45
2025-04-11T08:27:25,0,45,0,45
2025-04-11T08:35:07,0,45,0,45
2025-04-11T08:42:53,0,45,0,45
2025-04-11T08:50:31,0,45,0,45
2025-04-11T08:58:10,0,45,0,45
2025-04-11T09:05:49,0,45,0,45
2025-04-11T09:13:28,0,45,0,45
2025-04-11T09:21:07,0,45,0,45
2025-04-11T09:28:46,0,45,0,45
2025-04-11T09:36:24,0,45,0,45
2025-04-11T09:44:02,0,45,0,45
2025-04-11T09:51:40,0,45,0,45
2025-04-11T09:59:19,0,45,0,45
2025-04-11T10:06:58,0,45,0,45
2025-04-11T10:14:47,0,45,0,45
2025-04-11T10:22:25,0,45,0,45
2025-04-11T10:30:04,0,45,0,45
2025-04-11T10:37:42,0,45,0,45
2025-04-11T10:45:20,0,45,0,45
2025-04-11T10:52:59,0,45,0,45
2025-04-11T11:00:39,0,45,0,45
2025-04-11T11:08:18,0,45,0,45
2025-04-11T11:15:58,0,45,0,45
2025-04-11T11:23:47,0,45,0,45
2025-04-11T11:31:27,0,45,0,45
2025-04-11T11:39:06,0,45,0,45
2025-04-11T11:46:45,0,45,0,45
2025-04-11T11:54:25,0,45,0,45
2025-04-11T12:02:04,0,45,0,45
2025-04-11T12:09:44,0,45,0,45
2025-04-11T12:17:23,0,45,0,45
2025-04-11T12:25:03,0,45,0,45
2025-04-11T12:32:53,0,45,0,45
2025-04-11T12:40:32,0,45,0,45
2025-04-11T12:48:11,0,45,0,45
2025-04-11T12:55:51,0,45,0,45
2025-04-11T13:03:31,0,45,0,45
2025-04-11T13:11:10,0,45,0,45
2025-04-11T13:18:50,0,45,0,45
2025-04-11T13:26:30,0,45,0,45
2025-04-11T13:34:09,0,45,0,45
2025-04-11T13:41:48,0,45,0,45
2025-04-11T13:49:37,0,45,0,45
2025-04-11T13:57:17,0,45,0,45
2025-04-11T14:04:56,0,45,0,45
2025-04-11T14:12:36,0,45,0,45
2025-04-11T14:20:16,0,45,0,45
2025-04-11T14:27:55,0,45,0,45
2025-04-11T14:35:35,0,45,0,45
2025-04-11T14:43:14,0,45,0,45
2025-04-11T14:50:53,0,45,0,45
2025-04-11T14:58:32,0,45,0,45
2025-04-11T15:06:12,0,45,0,45
2025-04-11T15:14:01,0,45,0,45
2025-04-11T15:21:40,0,45,0,45
2025-04-11T15:29:21,0,45,0,45
2025-04-11T15:37:01,0,45,0,45
2025-04-11T15:44:41,0,45,0,45
2025-04-11T15:52:21,0,45,0,45
2025-04-11T16:00:02,0,45,0,45
2025-04-11T16:07:43,0,45,0,45
2025-04-11T16:15:25,0,45,0,45
2025-04-11T16:23:06,0,45,0,45
2025-04-11T16:30:59,0,45,0,45
2025-04-11T16:38:40,0,45,0,45
2025-04-11T16:46:22,0,45,0,45
2025-04-11T16:54:03,0,45,0,45
2025-04-11T17:01:44,0,45,0,45
2025-04-11T17:09:26,0,45,0,45
2025-04-11T17:17:08,0,45,0,45
2025-04-11T17:24:50,0,45,0,45
2025-04-11T17:32:31,0,45,0,45
2025-04-11T17:40:12,0,45,0,45
2025-04-11T17:47:53,0,45,0,45
2025-04-11T17:55:35,0,45,0,45
2025-04-11T18:03:16,0,45,0,45
2025-04-11T18:10:58,0,45,0,45
2025-04-11T18:18:49,0,45,0,45
2025-04-11T18:26:30,0,45,0,45
2025-04-11T18:34:11,0,45,0,45
2025-04-11T18:41:52,0,45,0,45
2025-04-11T18:49:35,0,45,0,45
2025-04-11T18:57:16,0,45,0,45
2025-04-11T19:04:57,0,45,0,45
2025-04-11T19:12:39,0,45,0,45
2025-04-11T19:20:20,0,45,0,45
2025-04-11T19:28:01,0,45,0,45
2025-04-11T19:35:42,0,45,0,45
2025-04-11T19:43:23,0,45,0,45
2025-04-11T19:51:05,0,45,0,45
2025-04-11T19:58:46,0,45,0,45
2025-04-11T20:06:27,0,45,0,45
2025-04-11T20:14:09,0,45,0,45
2025-04-11T20:21:50,0,45,0,45
2025-04-11T20:29:39,0,45,0,45
2025-04-11T20:37:20,0,45,0,45
2025-04-11T20:45:02,0,45,0,45
2025-04-11T20:52:43,0,45,0,45
2025-04-11T21:00:24,0,45,0,45
2025-04-11T21:08:06,0,45,0,45
2025-04-11T21:15:48,0,45,0,45
2025-04-11T21:23:29,0,45,0,45
2025-04-11T21:31:10,0,45,0,45
2025-04-11T21:38:52,0,45,0,45
2025-04-11T21:46:36,0,45,0,45
2025-04-11T21:54:17,0,45,0,45
2025-04-11T22:01:59,0,45,0,45
2025-04-11T22:09:39,0,45,0,45
2025-04-11T22:17:19,0,45,0,45
2025-04-11T22:25:00,0,45,0,45
2025-04-11T22:32:40,0,45,0,45
2025-04-11T22:40:23,0,45,0,45
2025-04-11T22:48:15,0,45,0,45
2025-04-11T22:55:57,0,45,0,45
2025-04-11T23:03:40,0,45,0,45
2025-04-11T23:11:23,0,45,0,45
2025-04-11T23:19:05,0,45,0,45
2025-04-11T23:26:46,0,45,0,45
2025-04-11T23:34:28,0,45,0,45
2025-04-11T23:42:10,0,45,0,45
2025-04-11T23:49:52,0,45,0,45
2025-04-11T23:57:33,0,45,0,45
2025-04-12T00:05:17,0,45,0,45
2025-04-12T00:13:01,0,45,0,45
2025-04-12T00:20:46,0,45,0,45
2025-04-12T00:28:31,0,45,0,45
2025-04-12T00:36:14,0,45,0,45
2025-04-12T00:43:57,0,45,0,45
2025-04-12T00:51:41,0,45,0,45
2025-04-12T00:59:24,0,45,0,45
2025-04-12T01:07:07,0,45,0,45
2025-04-12T01:14:51,0,45,0,45
2025-04-12T01:22:34,0,45,0,45
2025-04-12T01:30:18,0,45,0,45
2025-04-12T01:38:01,0,45,0,45
2025-04-12T01:45:45,0,45,0,45
2025-04-12T01:53:28,0,45,0,45
2025-04-12T02:01:11,0,45,0,45
2025-04-12T02:08:54,0,45,0,45
2025-04-12T02:16:45,0,45,0,45
2025-04-12T02:24:29,0,45,0,45
2025-04-12T02:32:12,0,45,0,45
2025-04-12T02:39:54,0,45,0,45
2025-04-12T02:47:37,0,45,0,45
2025-04-12T02:55:30,0,45,0,45
2025-04-12T03:03:14,0,45,0,45
2025-04-12T03:10:58,0,45,0,45
2025-04-12T03:18:41,0,45,0,45
2025-04-12T03:26:24,0,45,0,45
2025-04-12T03:34:08,0,45,0,45
2025-04-12T03:41:52,0,45,0,45
2025-04-12T03:49:36,0,45,0,45
2025-04-12T03:57:19,0,45,0,45
2025-04-12T04:05:04,0,45,0,45
2025-04-12T04:14:50,0,45,0,45
2025-04-12T04:33:06,0,45,0,45
2025-04-12T04:40:50,0,45,0,45
2025-04-12T04:48:34,0,45,0,45
2025-04-12T04:56:18,0,45,0,45
2025-04-12T05:04:01,0,45,0,45
2025-04-12T05:11:44,0,45,0,45
2025-04-12T05:19:27,0,45,0,45
2025-04-12T05:27:10,0,45,0,45
2025-04-12T05:34:57,0,45,0,45
2025-04-12T05:42:40,0,45,0,45
2025-04-12T05:50:24,0,45,0,45
2025-04-12T05:58:07,0,45,0,45
2025-04-12T06:05:50,0,45,0,45
2025-04-12T06:13:34,0,45,0,45
2025-04-12T06:21:17,0,45,0,45
2025-04-12T06:29:00,0,45,0,45
2025-04-12T06:36:44,0,45,0,45
2025-04-12T06:44:27,0,45,0,45
2025-04-12T06:52:10,0,45,0,45
2025-04-12T06:59:53,0,45,0,45
2025-04-12T07:07:37,0,45,0,45
2025-04-12T07:15:20,0,45,0,45
2025-04-12T07:23:03,0,45,0,45
2025-04-12T07:30:46,0,45,0,45
2025-04-12T07:38:31,0,45,0,45
2025-04-12T07:46:17,0,45,0,45
2025-04-12T07:53:59,0,45,0,45
2025-04-12T08:01:42,0,45,0,45
2025-04-12T08:09:34,0,45,0,45
2025-04-12T08:17:16,0,45,0,45
2025-04-12T08:24:59,0,45,0,45
2025-04-12T08:32:42,0,45,0,45
2025-04-12T08:40:24,0,45,0,45
2025-04-12T08:48:07,0,45,0,45
2025-04-12T08:55:50,0,45,0,45
2025-04-12T09:03:32,0,45,0,45
2025-04-12T09:11:14,0,45,0,45
2025-04-12T09:18:57,0,45,0,45
2025-04-12T09:26:40,0,45,0,45
2025-04-12T09:34:23,0,45,0,45
2025-04-12T09:42:06,0,45,0,45
2025-04-12T09:49:48,0,45,0,45
2025-04-12T09:57:30,0,45,0,45
2025-04-12T10:05:13,0,45,0,45
2025-04-12T10:12:55,0,45,0,45
2025-04-12T10:20:38,0,45,0,45
2025-04-12T10:28:20,0,45,0,45
2025-04-12T10:36:02,0,45,0,45
2025-04-12T10:43:44,0,45,0,45
2025-04-12T10:51:27,0,45,0,45
2025-04-12T10:59:10,0,45,0,45
2025-04-12T11:07:00,0,45,0,45
2025-04-12T11:14:43,0,45,0,45
2025-04-12T11:22:26,0,45,0,45
2025-04-12T11:30:09,0,45,0,45
2025-04-12T11:37:52,0,45,0,45
2025-04-12T11:45:34,0,45,0,45
2025-04-12T11:53:17,0,45,0,45
2025-04-12T12:00:59,0,45,0,45
2025-04-12T12:08:42,0,45,0,45
2025-04-12T12:16:24,0,45,0,45
2025-04-12T12:24:08,0,45,0,45
2025-04-12T12:31:51,0,45,0,45
2025-04-12T12:39:33,0,45,0,45
2025-04-12T12:47:15,0,45,0,45
2025-04-12T12:54:58,0,45,0,45
2025-04-12T13:02:40,0,45,0,45
2025-04-12T13:10:31,0,45,0,45
2025-04-12T13:18:14,0,45,0,45
2025-04-12T13:25:56,0,45,0,45
2025-04-12T13:33:38,0,45,0,45
2025-04-12T13:41:20,0,45,0,45
2025-04-12T13:49:04,0,45,0,45
2025-04-12T13:56:46,0,45,0,45
2025-04-12T14:04:28,0,45,0,45
2025-04-12T14:12:11,0,45,0,45
2025-04-12T14:19:53,0,45,0,45
2025-04-12T14:27:35,0,45,0,45
2025-04-12T14:35:17,0,45,0,45
2025-04-12T14:43:00,0,45,0,45
2025-04-12T14:50:42,0,45,0,45
2025-04-12T14:58:25,0,45,0,45
2025-04-12T15:06:08,0,45,0,45
2025-04-12T15:13:50,0,45,0,45
2025-04-12T15:21:32,0,45,0,45
2025-04-12T15:29:16,0,45,0,45
2025-04-12T15:36:58,0,45,0,45
2025-04-12T15:44:40,0,45,0,45
2025-04-12T15:52:23,0,45,0,45
2025-04-12T16:00:13,0,45,0,45
2025-04-12T16:07:55,0,45,0,45
2025-04-12T16:15:38,0,45,0,45
2025-04-12T16:23:21,0,45,0,45
2025-04-12T16:31:03,0,45,0,45
2025-04-12T16:38:46,0,45,0,45
2025-04-12T16:46:29,0,45,0,45
2025-04-12T16:54:11,0,45,0,45
2025-04-12T17:01:54,0,45,0,45
2025-04-12T17:09:37,0,45,0,45
2025-04-12T17:17:20,0,45,0,45
2025-04-12T17:25:03,0,45,0,45
2025-04-12T17:32:46,0,45,0,45
2025-04-12T17:40:28,0,45,0,45
2025-04-12T17:48:10,0,45,0,45
2025-04-12T17:55:53,0,45,0,45
2025-04-12T18:03:37,0,45,0,45
2025-04-12T18:11:20,0,45,0,45
2025-04-12T18:19:04,0,45,0,45
2025-04-12T18:26:46,0,45,0,45
2025-04-12T18:34:29,0,45,0,45
2025-04-12T18:42:11,0,45,0,45
2025-04-12T18:49:53,0,45,0,45
2025-04-12T18:57:44,0,45,0,45
2025-04-12T19:05:26,0,45,0,45
2025-04-12T19:13:10,0,45,0,45
2025-04-12T19:20:52,0,45,0,45
2025-04-12T19:28:35,0,45,0,45
2025-04-12T19:36:17,0,45,0,45
2025-04-12T19:43:59,0,45,0,45
2025-04-12T19:51:41,0,45,0,45
2025-04-12T19:59:23,0,45,0,45
2025-04-12T20:07:06,0,45,0,45
2025-04-12T20:14:48,0,45,0,45
2025-04-12T20:22:30,0,45,0,45
2025-04-12T20:30:13,0,45,0,45
2025-04-12T20:37:55,0,45,0,45
2025-04-12T20:45:37,0,45,0,45
2025-04-12T20:53:19,0,45,0,45
2025-04-12T21:01:02,0,45,0,45
2025-04-12T21:08:44,0,45,0,45
2025-04-12T21:16:27,0,45,0,45
2025-04-12T21:24:09,0,45,0,45
2025-04-12T21:31:51,0,45,0,45
2025-04-12T21:39:34,0,45,0,45
2025-04-12T21:47:16,0,45,0,45
2025-04-12T21:54:58,0,45,0,45
2025-04-12T22:02:40,0,45,0,45
2025-04-12T22:10:23,0,45,0,45
2025-04-12T22:18:15,0,45,0,45
2025-04-12T22:25:58,0,45,0,45
2025-04-12T22:33:41,0,45,0,45
2025-04-12T22:41:24,0,45,0,45
2025-04-12T22:49:06,0,45,0,45
2025-04-12T22:56:49,0,45,0,45
2025-04-12T23:04:32,0,45,0,45
2025-04-12T23:12:15,0,45,0,45
2025-04-12T23:19:57,0,45,0,45
2025-04-12T23:27:40,0,45,0,45
2025-04-12T23:35:22,0,45,0,45
2025-04-12T23:43:04,0,45,0,45
2025-04-12T23:50:46,0,45,0,45
2025-04-12T23:58:28,0,45,0,45
2025-04-13T00:06:11,0,45,0,45
2025-04-13T00:13:54,0,45,0,45
2025-04-13T00:21:37,0,45,0,45
2025-04-13T00:29:20,0,45,0,45
2025-04-13T00:37:03,0,45,0,45
2025-04-13T00:44:46,0,45,0,45
2025-04-13T00:52:28,0,45,0,45
2025-04-13T01:00:11,0,45,0,45
2025-04-13T01:07:54,0,45,0,45
2025-04-13T01:15:37,0,45,0,45
2025-04-13T01:23:19,0,45,0,45
2025-04-13T01:31:01,0,45,0,45
2025-04-13T01:38:44,0,45,0,45
2025-04-13T01:46:26,0,45,0,45
2025-04-13T01:54:08,0,45,0,45
2025-04-13T02:02:00,0,45,0,45
2025-04-13T02:09:43,0,45,0,45
2025-04-13T02:17:25,0,45,0,45
2025-04-13T02:25:07,0,45,0,45
2025-04-13T02:32:50,0,45,0,45
2025-04-13T02:40:33,0,45,0,45
2025-04-13T02:48:15,0,45,0,45
2025-04-13T02:55:57,0,45,0,45
2025-04-13T03:03:40,0,45,0,45
2025-04-13T03:11:23,0,45,0,45
2025-04-13T03:19:06,0,45,0,45
2025-04-13T03:26:48,0,45,0,45
2025-04-13T03:34:31,0,45,0,45
2025-04-13T03:42:15,0,45,0,45
2025-04-13T03:50:00,0,45,0,45
2025-04-13T03:57:43,0,45,0,45
2025-04-13T04:05:28,0,45,0,45
2025-04-13T04:31:41,0,45,0,45
2025-04-13T04:39:25,0,45,0,45
2025-04-13T04:47:10,0,45,0,45
2025-04-13T04:55:00,0,45,0,45
2025-04-13T05:03:13,0,45,0,45
2025-04-13T05:11:16,0,45,0,45
2025-04-13T05:19:00,0,45,0,45
2025-04-13T05:26:43,0,45,0,45
2025-04-13T05:34:29,0,45,0,45
2025-04-13T05:42:13,0,45,0,45
2025-04-13T05:49:57,0,45,0,45
2025-04-13T05:57:40,0,45,0,45
2025-04-13T06:05:25,0,45,0,45
2025-04-13T06:13:13,0,45,0,45
2025-04-13T06:20:56,0,45,0,45
2025-04-13T06:28:41,0,45,0,45
2025-04-13T06:36:25,0,45,0,45
2025-04-13T06:44:09,0,45,0,45
2025-04-13T06:51:53,0,45,0,45
2025-04-13T06:59:36,0,45,0,45
2025-04-13T07:07:21,0,45,0,45
2025-04-13T07:15:05,0,45,0,45
2025-04-13T07:22:48,0,45,0,45
2025-04-13T07:30:32,0,45,0,45
2025-04-13T07:38:16,0,45,0,45
2025-04-13T07:45:59,0,45,0,45
2025-04-13T07:53:43,0,45,0,45
2025-04-13T08:01:28,0,45,0,45
2025-04-13T08:09:12,0,45,0,45
2025-04-13T08:16:55,0,45,0,45
2025-04-13T08:24:38,0,45,0,45
2025-04-13T08:32:21,0,45,0,45
2025-04-13T08:40:05,0,45,0,45
2025-04-13T08:47:48,0,45,0,45
2025-04-13T08:55:30,0,45,0,45
2025-04-13T09:03:13,0,45,0,45
2025-04-13T09:10:56,0,45,0,45
2025-04-13T09:18:40,0,45,0,45
2025-04-13T09:26:23,0,45,0,45
2025-04-13T09:34:05,0,45,0,45
2025-04-13T09:41:48,0,45,0,45
2025-04-13T09:49:31,0,45,0,45
2025-04-13T09:57:24,0,45,0,45
2025-04-13T10:05:07,0,45,0,45
2025-04-13T10:12:50,0,45,0,45
2025-04-13T10:20:33,0,45,0,45
2025-04-13T10:28:16,0,45,0,45
2025-04-13T10:35:59,0,45,0,45
2025-04-13T10:43:42,0,45,0,45
2025-04-13T10:51:26,0,45,0,45
2025-04-13T10:59:08,0,45,0,45
2025-04-13T11:06:51,0,45,0,45
2025-04-13T11:14:34,0,45,0,45
2025-04-13T11:22:17,0,45,0,45
2025-04-13T11:29:59,0,45,0,45
2025-04-13T11:37:42,0,45,0,45
2025-04-13T11:45:25,0,45,0,45
2025-04-13T11:53:07,0,45,0,45
2025-04-13T12:00:50,0,45,0,45
2025-04-13T12:08:32,0,45,0,45
2025-04-13T12:16:15,0,45,0,45
2025-04-13T12:23:58,0,45,0,45
2025-04-13T12:31:40,0,45,0,45
2025-04-13T12:39:23,0,45,0,45
2025-04-13T12:47:06,0,45,0,45
2025-04-13T12:54:48,0,45,0,45
2025-04-13T13:02:31,0,45,0,45
2025-04-13T13:10:14,0,45,0,45
2025-04-13T13:17:56,0,45,0,45
2025-04-13T13:25:49,0,45,0,45
2025-04-13T13:33:31,0,45,0,45
2025-04-13T13:41:15,0,45,0,45
2025-04-13T13:48:57,0,45,0,45
2025-04-13T13:56:40,0,45,0,45
2025-04-13T14:04:22,0,45,0,45
2025-04-13T14:12:05,0,45,0,45
2025-04-13T14:19:47,0,45,0,45
2025-04-13T14:27:29,0,45,0,45
2025-04-13T14:35:12,0,45,0,45
2025-04-13T14:42:55,0,45,0,45
2025-04-13T14:50:38,0,45,0,45
2025-04-13T14:58:21,0,45,0,45
2025-04-13T15:06:04,0,45,0,45
2025-04-13T15:13:47,0,45,0,45
2025-04-13T15:21:30,0,45,0,45
2025-04-13T15:29:12,0,45,0,45
2025-04-13T15:36:55,0,45,0,45
2025-04-13T15:44:46,0,45,0,45
2025-04-13T15:52:29,0,45,0,45
2025-04-13T16:00:11,0,45,0,45
2025-04-13T16:07:54,0,45,0,45
2025-04-13T16:15:37,0,45,0,45
2025-04-13T16:23:19,0,45,0,45
2025-04-13T16:31:02,0,45,0,45
2025-04-13T16:38:44,0,45,0,45
2025-04-13T16:46:27,0,45,0,45
2025-04-13T16:54:10,0,45,0,45
2025-04-13T17:01:52,0,45,0,45
2025-04-13T17:09:35,0,45,0,45
2025-04-13T17:17:17,0,45,0,45
2025-04-13T17:25:00,0,45,0,45
2025-04-13T17:32:42,0,45,0,45
2025-04-13T17:40:25,0,45,0,45
2025-04-13T17:48:08,0,45,0,45
2025-04-13T17:55:51,0,45,0,45
2025-04-13T18:03:34,0,45,0,45
2025-04-13T18:11:17,0,45,0,45
2025-04-13T18:18:59,0,45,0,45
2025-04-13T18:26:42,0,45,0,45
2025-04-13T18:34:25,0,45,0,45
2025-04-13T18:42:17,0,45,0,45
2025-04-13T18:49:59,0,45,0,45
2025-04-13T18:57:42,0,45,0,45
2025-04-13T19:05:24,0,45,0,45
2025-04-13T19:13:07,0,45,0,45
2025-04-13T19:20:49,0,45,0,45
2025-04-13T19:28:32,0,45,0,45
2025-04-13T19:36:14,0,45,0,45
2025-04-13T19:43:57,0,45,0,45
2025-04-13T19:51:39,0,45,0,45
2025-04-13T19:59:22,0,45,0,45
2025-04-13T20:07:05,0,45,0,45
2025-04-13T20:14:47,0,45,0,45
2025-04-13T20:22:30,0,45,0,45
2025-04-13T20:30:12,0,45,0,45
2025-04-13T20:37:55,0,45,0,45
2025-04-13T20:45:37,0,45,0,45
2025-04-13T20:53:31,0,45,0,45
2025-04-13T21:01:13,0,45,0,45
2025-04-13T21:08:56,0,45,0,45
2025-04-13T21:16:38,0,45,0,45
2025-04-13T21:24:21,0,45,0,45
2025-04-13T21:32:04,0,45,0,45
2025-04-13T21:39:46,0,45,0,45
2025-04-13T21:47:29,0,45,0,45
2025-04-13T21:55:11,0,45,0,45
2025-04-13T22:02:54,0,45,0,45
2025-04-13T22:10:36,0,45,0,45
2025-04-13T22:18:19,0,45,0,45
2025-04-13T22:26:01,0,45,0,45
2025-04-13T22:33:44,0,45,0,45
2025-04-13T22:41:27,0,45,0,45
2025-04-13T22:49:09,0,45,0,45
2025-04-13T22:56:51,0,45,0,45
2025-04-13T23:04:34,0,45,0,45
2025-04-13T23:12:17,0,45,0,45
2025-04-13T23:20:11,0,45,0,45
2025-04-13T23:27:54,0,45,0,45
2025-04-13T23:35:36,0,45,0,45
2025-04-13T23:43:19,0,45,0,45
2025-04-13T23:51:02,0,45,0,45
2025-04-13T23:58:44,0,45,0,45
2025-04-14T00:06:28,0,45,0,45
2025-04-14T00:14:11,0,45,0,45
2025-04-14T00:21:54,0,45,0,45
2025-04-14T00:29:39,0,45,0,45
2025-04-14T00:37:24,0,45,0,45
2025-04-14T00:45:07,0,45,0,45
2025-04-14T00:52:51,0,45,0,45
2025-04-14T01:00:35,0,45,0,45
2025-04-14T01:08:20,0,45,0,45
2025-04-14T01:16:03,0,45,0,45
2025-04-14T01:23:46,0,45,0,45
2025-04-14T01:31:29,0,45,0,45
2025-04-14T01:39:13,0,45,0,45
2025-04-14T01:46:56,0,45,0,45
2025-04-14T01:54:39,0,45,0,45
2025-04-14T02:02:23,0,45,0,45
2025-04-14T02:10:07,0,45,0,45
2025-04-14T02:17:51,0,45,0,45
2025-04-14T02:25:45,0,45,0,45
2025-04-14T02:33:27,0,45,0,45
2025-04-14T02:41:10,0,45,0,45
2025-04-14T02:48:53,0,45,0,45
2025-04-14T02:56:36,0,45,0,45
2025-04-14T03:04:19,0,45,0,45
2025-04-14T03:12:02,0,45,0,45
2025-04-14T03:19:45,0,45,0,45
2025-04-14T03:27:28,0,45,0,45
2025-04-14T03:35:11,0,45,0,45
2025-04-14T03:42:55,0,45,0,45
2025-04-14T03:50:38,0,45,0,45
2025-04-14T03:58:21,0,45,0,45
2025-04-14T04:23:42,0,45,0,45
2025-04-14T04:31:26,0,45,0,45
2025-04-14T04:40:26,0,45,0,45
2025-04-14T04:48:28,0,45,0,45
2025-04-14T04:56:10,0,45,0,45
2025-04-14T05:03:54,0,45,0,45
2025-04-14T05:11:38,0,45,0,45
2025-04-14T05:19:22,0,45,0,45
2025-04-14T05:27:05,0,45,0,45
2025-04-14T05:34:47,0,45,0,45
2025-04-14T05:42:31,0,45,0,45
2025-04-14T05:50:15,0,45,0,45
2025-04-14T05:57:59,0,45,0,45
2025-04-14T06:05:42,0,45,0,45
2025-04-14T06:13:25,0,45,0,45
2025-04-14T06:21:09,0,45,0,45
2025-04-14T06:28:52,0,45,0,45
2025-04-14T06:36:36,0,45,0,45
2025-04-14T06:44:20,0,45,0,45
2025-04-14T06:52:03,0,45,0,45
2025-04-14T06:59:47,0,45,0,45
2025-04-14T07:07:32,0,45,0,45
2025-04-14T07:15:15,0,45,0,45
2025-04-14T07:22:59,0,45,0,45
2025-04-14T07:30:43,0,45,0,45
2025-04-14T07:38:26,0,45,0,45
2025-04-14T07:46:08,0,45,0,45
2025-04-14T07:53:52,0,45,0,45
2025-04-14T08:01:35,0,45,0,45
2025-04-14T08:09:18,0,45,0,45
2025-04-14T08:17:02,0,45,0,45
2025-04-14T08:24:45,0,45,0,45
2025-04-14T08:32:27,0,45,0,45
2025-04-14T08:40:10,0,45,0,45
2025-04-14T08:47:53,0,45,0,45
2025-04-14T08:55:37,0,45,0,45
2025-04-14T09:03:23,0,45,0,45
2025-04-14T09:11:15,0,45,0,45
2025-04-14T09:18:58,0,45,0,45
2025-04-14T09:26:40,0,45,0,45
2025-04-14T09:34:23,0,45,0,45
2025-04-14T09:42:06,0,45,0,45
2025-04-14T09:49:49,0,45,0,45
2025-04-14T09:57:31,0,45,0,45
2025-04-14T10:05:14,0,45,0,45
2025-04-14T10:12:56,0,45,0,45
2025-04-14T10:20:38,0,45,0,45
2025-04-14T10:28:21,0,45,0,45
2025-04-14T10:36:04,0,45,0,45
2025-04-14T10:43:54,0,45,0,45
2025-04-14T10:51:37,0,45,0,45
2025-04-14T10:59:19,0,45,0,45
2025-04-14T11:07:02,0,45,0,45
2025-04-14T11:14:45,0,45,0,45
2025-04-14T11:22:28,0,45,0,45
2025-04-14T11:30:10,0,45,0,45
2025-04-14T11:37:53,0,45,0,45
2025-04-14T11:45:35,0,45,0,45
2025-04-14T11:53:18,0,45,0,45
2025-04-14T12:01:01,0,45,0,45
2025-04-14T12:08:56,0,45,0,45
2025-04-14T12:16:39,0,45,0,45
2025-04-14T12:24:23,0,45,0,45
2025-04-14T12:32:05,0,45,0,45
2025-04-14T12:39:48,0,45,0,45
2025-04-14T12:47:31,0,45,0,45
2025-04-14T12:55:23,0,45,0,45
2025-04-14T13:03:06,0,45,0,45
2025-04-14T13:10:49,0,45,0,45
2025-04-14T13:18:32,0,45,0,45
2025-04-14T13:26:15,0,45,0,45
2025-04-14T13:33:57,0,45,0,45
2025-04-14T13:41:40,1,44,0,45
2025-04-14T13:49:23,1,44,0,45
2025-04-14T13:57:06,1,44,0,45
2025-04-14T14:04:48,1,44,0,45
2025-04-14T14:12:31,1,44,0,45
2025-04-14T14:20:24,1,44,0,45
2025-04-14T14:28:07,1,44,0,45
2025-04-14T14:35:50,1,44,0,45
2025-04-14T14:43:33,1,44,0,45
2025-04-14T14:51:16,1,44,0,45
2025-04-14T14:58:59,1,44,0,45
2025-04-14T15:06:44,1,44,0,45
2025-04-14T15:14:28,1,44,0,45
2025-04-14T15:22:10,1,44,0,45
2025-04-14T15:29:55,1,44,0,45
2025-04-14T15:37:48,2,43,0,45
2025-04-14T15:45:31,2,43,0,45
2025-04-14T15:53:14,2,43,0,45
2025-04-14T16:00:58,2,43,0,45
2025-04-14T16:08:40,2,43,0,45
2025-04-14T16:16:23,2,43,0,45
2025-04-14T16:24:06,2,43,0,45
2025-04-14T16:31:49,2,43,0,45
2025-04-14T16:39:32,2,43,0,45
2025-04-14T16:47:15,2,43,0,45
2025-04-14T16:54:57,2,43,0,45
2025-04-14T17:02:50,2,43,0,45
2025-04-14T17:10:34,2,43,0,45
2025-04-14T17:18:18,2,43,0,45
2025-04-14T17:26:01,3,42,0,45
2025-04-14T17:33:44,3,42,0,45
2025-04-14T17:41:27,3,42,0,45
2025-04-14T17:49:11,3,42,0,45
2025-04-14T17:56:53,3,42,0,45
2025-04-14T18:04:36,3,42,0,45
2025-04-14T18:12:19,3,42,0,45
2025-04-14T18:20:02,3,42,0,45
2025-04-14T18:27:54,3,42,0,45
2025-04-14T18:35:36,3,42,0,45
2025-04-14T18:43:19,3,42,0,45
2025-04-14T18:51:03,3,42,0,45
2025-04-14T18:58:45,3,42,0,45
2025-04-14T19:06:28,3,42,0,45
2025-04-14T19:14:11,3,42,0,45
2025-04-14T19:21:54,3,42,0,45
2025-04-14T19:29:37,3,42,0,45
2025-04-14T19:37:19,3,42,0,45
2025-04-14T19:45:03,3,42,0,45
2025-04-14T19:52:45,3,42,0,45
2025-04-14T20:00:27,3,42,0,45
2025-04-14T20:08:10,3,42,0,45
2025-04-14T20:15:52,3,42,0,45
2025-04-14T20:23:46,4,41,0,45
2025-04-14T20:31:28,4,41,0,45
2025-04-14T20:39:11,4,41,0,45
2025-04-14T20:46:54,4,41,0,45
2025-04-14T20:54:36,4,41,0,45
2025-04-14T21:02:19,4,41,0,45
2025-04-14T21:10:01,4,41,0,45
2025-04-14T21:17:44,5,40,0,45
2025-04-14T21:25:27,5,40,0,45
2025-04-14T21:33:11,5,40,0,45
2025-04-14T21:40:53,5,40,0,45
2025-04-14T21:48:37,5,40,0,45
2025-04-14T21:56:19,5,40,0,45
2025-04-14T22:04:02,5,40,0,45
2025-04-14T22:11:56,5,40,0,45
2025-04-14T22:19:38,5,40,0,45
2025-04-14T22:27:21,5,40,0,45
2025-04-14T22:35:04,5,40,0,45
2025-04-14T22:42:46,5,40,0,45
2025-04-14T22:50:29,5,40,0,45
2025-04-14T22:58:12,5,40,0,45
2025-04-14T23:05:55,5,40,0,45
2025-04-14T23:13:38,5,40,0,45
2025-04-14T23:21:22,5,40,0,45
2025-04-14T23:29:06,5,40,0,45
2025-04-14T23:36:49,5,40,0,45
2025-04-14T23:44:31,5,40,0,45
2025-04-14T23:52:14,5,40,0,45
2025-04-14T23:59:57,5,40,0,45
2025-04-15T00:07:40,5,40,0,45
2025-04-15T00:15:34,5,40,0,45
2025-04-15T00:23:20,5,40,0,45
2025-04-15T00:31:05,5,40,0,45
2025-04-15T00:38:51,5,40,0,45
2025-04-15T00:46:35,5,40,0,45
2025-04-15T00:54:18,5,40,0,45
2025-04-15T01:02:02,5,40,0,45
2025-04-15T01:09:46,5,40,0,45
2025-04-15T01:17:29,5,40,0,45
2025-04-15T01:25:12,5,40,0,45
2025-04-15T01:32:55,5,40,0,45
2025-04-15T01:40:39,5,40,0,45
2025-04-15T01:48:22,5,40,0,45
2025-04-15T01:56:05,5,40,0,45
2025-04-15T02:03:48,5,40,0,45
2025-04-15T02:11:31,5,40,0,45
2025-04-15T02:19:14,5,40,0,45
2025-04-15T02:26:57,5,40,0,45
2025-04-15T02:34:40,5,40,0,45
2025-04-15T02:42:23,5,40,0,45
2025-04-15T02:50:06,5,40,0,45
2025-04-15T02:57:49,5,40,0,45
2025-04-15T03:05:40,5,40,0,45
2025-04-15T03:13:24,5,40,0,45
2025-04-15T03:21:07,5,40,0,45
2025-04-15T03:28:50,5,40,0,45
2025-04-15T03:36:33,5,40,0,45
2025-04-15T03:44:15,5,40,0,45
2025-04-15T03:51:58,5,40,0,45
2025-04-15T04:01:43,5,40,0,45
2025-04-15T04:27:29,5,40,0,45
2025-04-15T04:35:13,5,40,0,45
2025-04-15T04:42:57,5,40,0,45
2025-04-15T04:50:40,5,40,0,45
2025-04-15T04:58:23,5,40,0,45
2025-04-15T05:06:06,5,40,0,45
2025-04-15T05:13:49,5,40,0,45
2025-04-15T05:21:33,5,40,0,45
2025-04-15T05:29:16,5,40,0,45
2025-04-15T05:37:00,5,40,0,45
2025-04-15T05:44:43,5,40,0,45
2025-04-15T05:52:28,5,40,0,45
2025-04-15T06:00:12,5,40,0,45
2025-04-15T06:07:55,5,40,0,45
2025-04-15T06:15:38,5,40,0,45
2025-04-15T06:23:22,5,40,0,45
2025-04-15T06:31:06,5,40,0,45
2025-04-15T06:38:51,5,40,0,45
2025-04-15T06:46:35,5,40,0,45
2025-04-15T06:54:18,5,40,0,45
2025-04-15T07:02:01,5,40,0,45
2025-04-15T07:09:44,5,40,0,45
2025-04-15T07:17:28,5,40,0,45
2025-04-15T07:25:11,5,40,0,45
2025-04-15T07:32:54,5,40,0,45
2025-04-15T07:40:36,5,40,0,45
2025-04-15T07:48:19,5,40,0,45
2025-04-15T07:56:01,5,40,0,45
2025-04-15T08:03:45,5,40,0,45
2025-04-15T08:11:28,5,40,0,45
2025-04-15T08:19:11,5,40,0,45
2025-04-15T08:26:53,5,40,0,45
2025-04-15T08:34:37,5,40,0,45
2025-04-15T08:42:19,5,40,0,45
2025-04-15T08:50:02,5,40,0,45
2025-04-15T08:57:45,5,40,0,45
2025-04-15T09:05:36,5,40,0,45
2025-04-15T09:13:19,5,40,0,45
2025-04-15T09:21:01,5,40,0,45
2025-04-15T09:28:44,5,40,0,45
2025-04-15T09:36:27,5,40,0,45
2025-04-15T09:44:09,5,40,0,45
2025-04-15T09:51:52,5,40,0,45
2025-04-15T09:59:35,5,40,0,45
2025-04-15T10:07:17,5,40,0,45
2025-04-15T10:15:00,5,40,0,45
2025-04-15T10:22:44,5,40,0,45
2025-04-15T10:30:29,5,40,0,45
2025-04-15T10:38:24,5,40,0,45
2025-04-15T10:46:08,5,40,0,45
2025-04-15T10:53:50,5,40,0,45
2025-04-15T11:01:36,5,40,0,45
2025-04-15T11:09:20,5,40,0,45
2025-04-15T11:17:06,5,40,0,45
2025-04-15T11:24:54,5,40,0,45
2025-04-15T11:32:37,5,40,0,45
2025-04-15T11:40:21,5,40,0,45
2025-04-15T11:48:05,5,40,0,45
2025-04-15T11:55:57,5,40,0,45
2025-04-15T12:03:42,5,40,0,45
2025-04-15T12:11:27,5,40,0,45
2025-04-15T12:19:11,5,40,0,45
2025-04-15T12:26:56,5,40,0,45
2025-04-15T12:34:38,5,40,0,45
2025-04-15T12:42:31,5,40,0,45
2025-04-15T12:50:14,5,40,0,45
2025-04-15T12:57:58,5,40,0,45
2025-04-15T13:05:42,5,40,0,45
2025-04-15T13:13:25,5,40,0,45
2025-04-15T13:21:07,5,40,0,45
2025-04-15T13:28:50,5,40,0,45
2025-04-15T13:36:32,5,40,0,45
2025-04-15T13:44:15,5,40,0,45
2025-04-15T13:51:57,5,40,0,45
2025-04-15T13:59:52,5,40,0,45
2025-04-15T14:07:35,5,40,0,45
2025-04-15T14:15:18,5,40,0,45
2025-04-15T14:23:02,5,40,0,45
2025-04-15T14:30:44,5,40,0,45
2025-04-15T14:38:28,5,40,0,45
2025-04-15T14:46:10,5,40,0,45
2025-04-15T14:53:53,5,40,0,45
2025-04-15T15:01:36,5,40,0,45
2025-04-15T15:09:30,5,40,0,45
2025-04-15T15:17:12,5,40,0,45
2025-04-15T15:24:55,5,40,0,45
2025-04-15T15:32:38,5,40,0,45
2025-04-15T15:40:20,5,40,0,45
2025-04-15T15:48:03,5,40,0,45
2025-04-15T15:55:47,5,40,0,45
2025-04-15T16:03:40,5,40,0,45
2025-04-15T16:11:23,5,40,0,45
2025-04-15T16:19:05,5,40,0,45
2025-04-15T16:26:48,5,40,0,45
2025-04-15T16:34:30,5,40,0,45
2025-04-15T16:42:14,5,40,0,45
2025-04-15T16:49:56,5,40,0,45
2025-04-15T16:57:39,5,40,0,45
2025-04-15T17:05:21,5,40,0,45
2025-04-15T17:13:13,5,40,0,45
2025-04-15T17:20:56,5,40,0,45
2025-04-15T17:28:38,5,40,0,45
2025-04-15T17:36:20,5,40,0,45
2025-04-15T17:44:03,5,40,0,45
2025-04-15T17:51:45,5,40,0,45
2025-04-15T17:59:27,5,40,0,45
2025-04-15T18:07:09,5,40,0,45
2025-04-15T18:14:52,5,40,0,45
2025-04-15T18:22:34,5,40,0,45
2025-04-15T18:30:17,5,40,0,45
2025-04-15T18:37:59,5,40,0,45
2025-04-15T18:45:51,5,40,0,45
2025-04-15T18:53:33,5,40,0,45
2025-04-15T19:01:15,5,40,0,45
2025-04-15T19:08:57,5,40,0,45
2025-04-15T19:16:39,5,40,0,45
2025-04-15T19:24:22,5,40,0,45
2025-04-15T19:32:04,5,40,0,45
2025-04-15T19:39:46,5,40,0,45
2025-04-15T19:47:28,5,40,0,45
2025-04-15T19:55:10,5,40,0,45
2025-04-15T20:02:52,5,40,0,45
2025-04-15T20:10:35,5,40,0,45
2025-04-15T20:18:27,5,40,0,45
2025-04-15T20:26:09,5,40,0,45
2025-04-15T20:33:51,5,40,0,45
2025-04-15T20:41:33,5,40,0,45
2025-04-15T20:49:15,5,40,0,45
2025-04-15T20:56:58,5,40,0,45
2025-04-15T21:04:40,5,40,0,45
2025-04-15T21:12:25,5,40,0,45
2025-04-15T21:20:07,5,40,0,45
2025-04-15T21:27:49,5,40,0,45
2025-04-15T21:35:32,5,40,0,45
2025-04-15T21:43:16,5,40,0,45
2025-04-15T21:51:07,5,40,0,45
2025-04-15T21:58:50,5,40,0,45
2025-04-15T22:06:32,5,40,0,45
2025-04-15T22:14:14,5,40,0,45
2025-04-15T22:21:56,5,40,0,45
2025-04-15T22:29:40,5,40,0,45
2025-04-15T22:37:23,5,40,0,45
2025-04-15T22:45:05,5,40,0,45
2025-04-15T22:52:48,5,40,0,45
2025-04-15T23:00:31,5,40,0,45
2025-04-15T23:08:14,5,40,0,45
2025-04-15T23:15:57,5,40,0,45
2025-04-15T23:23:40,5,40,0,45
2025-04-15T23:31:23,5,40,0,45
2025-04-15T23:39:05,5,40,0,45
2025-04-15T23:46:48,5,40,0,45
2025-04-15T23:54:39,5,40,0,45
2025-04-16T00:02:22,5,40,0,45
2025-04-16T00:10:05,5,40,0,45
2025-04-16T00:17:48,5,40,0,45
2025-04-16T00:25:32,5,40,0,45
2025-04-16T00:33:15,5,40,0,45
2025-04-16T00:40:58,5,40,0,45
2025-04-16T00:48:41,5,40,0,45
2025-04-16T00:56:25,5,40,0,45
2025-04-16T01:04:09,5,40,0,45
2025-04-16T01:11:53,5,40,0,45
2025-04-16T01:19:36,5,40,0,45
2025-04-16T01:27:19,5,40,0,45
2025-04-16T01:35:03,5,40,0,45
2025-04-16T01:42:46,5,40,0,45
2025-04-16T01:50:30,5,40,0,45
2025-04-16T01:58:13,5,40,0,45
2025-04-16T02:05:56,5,40,0,45
2025-04-16T02:13:40,5,40,0,45
2025-04-16T02:21:22,5,40,0,45
2025-04-16T02:29:05,5,40,0,45
2025-04-16T02:36:48,5,40,0,45
2025-04-16T02:44:33,5,40,0,45
2025-04-16T02:52:16,5,40,0,45
2025-04-16T02:59:58,5,40,0,45
2025-04-16T03:07:42,5,40,0,45
2025-04-16T03:15:25,5,40,0,45
2025-04-16T03:23:09,5,40,0,45
2025-04-16T03:30:52,5,40,0,45
2025-04-16T03:38:35,5,40,0,45
2025-04-16T03:46:18,5,40,0,45
2025-04-16T03:54:06,5,40,0,45
2025-04-16T04:04:02,5,40,0,45
2025-04-16T04:27:50,5,40,0,45
2025-04-16T04:35:34,5,40,0,45
2025-04-16T04:43:19,5,40,0,45
2025-04-16T04:51:05,5,40,0,45
2025-04-16T04:58:48,5,40,0,45
2025-04-16T05:06:31,5,40,0,45
2025-04-16T05:14:15,5,40,0,45
2025-04-16T05:21:58,5,40,0,45
2025-04-16T05:29:41,5,40,0,45
2025-04-16T05:37:25,5,40,0,45
2025-04-16T05:45:08,5,40,0,45
2025-04-16T05:52:51,5,40,0,45
2025-04-16T06:00:34,5,40,0,45
2025-04-16T06:08:17,5,40,0,45
2025-04-16T06:16:00,5,40,0,45
2025-04-16T06:23:43,5,40,0,45
2025-04-16T06:31:27,5,40,0,45
2025-04-16T06:39:10,5,40,0,45
2025-04-16T06:46:53,5,40,0,45
2025-04-16T06:54:36,5,40,0,45
2025-04-16T07:02:20,5,40,0,45
2025-04-16T07:10:04,5,40,0,45
2025-04-16T07:17:47,5,40,0,45
2025-04-16T07:25:30,5,40,0,45
2025-04-16T07:33:15,5,40,0,45
2025-04-16T07:40:59,5,40,0,45
2025-04-16T07:48:41,5,40,0,45
2025-04-16T07:56:24,5,40,0,45
2025-04-16T08:04:07,5,40,0,45
2025-04-16T08:11:50,5,40,0,45
2025-04-16T08:19:33,5,40,0,45
2025-04-16T08:27:15,6,39,0,45
2025-04-16T08:34:58,6,39,0,45
2025-04-16T08:42:40,6,39,0,45
2025-04-16T08:50:23,6,39,0,45
2025-04-16T08:58:05,6,39,0,45
2025-04-16T09:05:51,6,39,0,45
2025-04-16T09:13:33,6,39,0,45
2025-04-16T09:21:24,6,39,0,45
2025-04-16T09:29:06,6,39,0,45
2025-04-16T09:36:49,6,39,0,45
2025-04-16T09:44:31,6,39,0,45
2025-04-16T09:52:13,6,39,0,45
2025-04-16T09:59:56,6,39,0,45
2025-04-16T10:07:38,6,39,0,45
2025-04-16T10:15:21,6,39,0,45
2025-04-16T10:23:03,6,39,0,45
2025-04-16T10:30:45,6,39,0,45
2025-04-16T10:38:28,6,39,0,45
2025-04-16T10:46:11,6,39,0,45
2025-04-16T10:54:03,6,39,0,45
2025-04-16T11:01:45,6,39,0,45
2025-04-16T11:09:28,6,39,0,45
2025-04-16T11:17:10,6,39,0,45
2025-04-16T11:24:52,7,38,0,45
2025-04-16T11:32:35,7,38,0,45
2025-04-16T11:40:17,7,38,0,45
2025-04-16T11:48:00,7,38,0,45
2025-04-16T11:55:43,7,38,0,45
2025-04-16T12:03:25,7,38,0,45
2025-04-16T12:11:18,7,38,0,45
2025-04-16T12:19:01,7,38,0,45
2025-04-16T12:26:43,7,38,0,45
2025-04-16T12:34:27,7,38,0,45
2025-04-16T12:42:09,7,38,0,45
2025-04-16T12:49:51,7,38,0,45
2025-04-16T12:57:35,7,38,0,45
2025-04-16T13:05:17,7,38,0,45
2025-04-16T13:13:00,7,38,0,45
2025-04-16T13:20:42,7,38,0,45
2025-04-16T13:28:33,7,38,0,45
2025-04-16T13:36:16,7,38,0,45
2025-04-16T13:43:58,7,38,0,45
2025-04-16T13:51:41,7,38,0,45
2025-04-16T13:59:23,7,38,0,45
2025-04-16T14:07:06,7,38,0,45
2025-04-16T14:14:48,7,38,0,45
2025-04-16T14:22:31,7,38,0,45
2025-04-16T14:30:13,7,38,0,45
2025-04-16T14:37:56,7,38,0,45
2025-04-16T14:45:47,7,38,0,45
2025-04-16T14:53:30,7,38,0,45
2025-04-16T15:01:12,7,38,0,45
2025-04-16T15:08:55,8,37,0,45
2025-04-16T15:16:37,8,37,0,45
2025-04-16T15:24:20,8,37,0,45
2025-04-16T15:32:03,8,37,0,45
2025-04-16T15:39:55,8,37,0,45
2025-04-16T15:47:37,8,37,0,45
2025-04-16T15:55:20,8,37,0,45
2025-04-16T16:03:02,8,37,0,45
2025-04-16T16:10:45,8,37,0,45
2025-04-16T16:18:27,8,37,0,45
2025-04-16T16:26:10,8,37,0,45
2025-04-16T16:33:52,8,37,0,45
2025-04-16T16:41:34,8,37,0,45
2025-04-16T16:49:17,8,37,0,45
2025-04-16T16:56:59,8,37,0,45
2025-04-16T17:04:52,9,36,0,45
2025-04-16T17:12:35,9,36,0,45
2025-04-16T17:20:17,9,36,0,45
2025-04-16T17:28:00,9,36,0,45
2025-04-16T17:35:43,9,36,0,45
2025-04-16T17:43:25,9,36,0,45
2025-04-16T17:51:08,9,36,0,45
2025-04-16T17:59:00,9,36,0,45
2025-04-16T18:06:43,9,36,0,45
2025-04-16T18:14:33,9,36,0,45
2025-04-16T18:22:15,9,36,0,45
2025-04-16T18:29:57,9,36,0,45
2025-04-16T18:37:40,10,35,0,45
2025-04-16T18:45:22,10,35,0,45
2025-04-16T18:53:05,10,35,0,45
2025-04-16T19:00:48,10,35,0,45
2025-04-16T19:08:30,10,35,0,45
2025-04-16T19:16:13,11,34,0,45
2025-04-16T19:24:05,11,34,0,45
2025-04-16T19:31:47,12,33,0,45
2025-04-16T19:39:29,12,33,0,45
2025-04-16T19:47:12,12,33,0,45
2025-04-16T19:54:55,12,33,0,45
2025-04-16T20:02:37,12,33,0,45
2025-04-16T20:10:20,12,33,0,45
2025-04-16T20:18:02,12,33,0,45
2025-04-16T20:25:45,12,33,0,45
2025-04-16T20:33:27,12,33,0,45
2025-04-16T20:41:09,12,33,0,45
2025-04-16T20:48:52,12,33,0,45
2025-04-16T20:56:34,12,33,0,45
2025-04-16T21:04:27,12,33,0,45
2025-04-16T21:12:09,12,33,0,45
2025-04-16T21:19:52,12,33,0,45
2025-04-16T21:27:34,12,33,0,45
2025-04-16T21:35:16,12,33,0,45
2025-04-16T21:42:59,12,33,0,45
2025-04-16T21:50:42,12,33,0,45
2025-04-16T21:58:25,12,33,0,45
2025-04-16T22:06:07,12,33,0,45
2025-04-16T22:13:50,12,33,0,45
2025-04-16T22:21:32,12,33,0,45
2025-04-16T22:29:15,12,33,0,45
2025-04-16T22:36:58,12,33,0,45
2025-04-16T22:44:40,12,33,0,45
2025-04-16T22:52:32,12,33,0,45
2025-04-16T23:00:14,12,33,0,45
2025-04-16T23:07:58,12,33,0,45
2025-04-16T23:15:41,12,33,0,45
2025-04-16T23:23:25,12,33,0,45
2025-04-16T23:31:08,12,33,0,45
2025-04-16T23:38:50,12,33,0,45
2025-04-16T23:46:34,12,33,0,45
2025-04-16T23:54:16,12,33,0,45
2025-04-17T00:01:59,12,33,0,45
2025-04-17T00:09:43,12,33,0,45
2025-04-17T00:17:26,12,33,0,45
2025-04-17T00:25:10,12,33,0,45
2025-04-17T00:32:54,12,33,0,45
2025-04-17T00:40:39,13,32,0,45
2025-04-17T00:48:23,13,32,0,45
2025-04-17T00:56:06,13,32,0,45
2025-04-17T01:03:50,13,32,0,45
2025-04-17T01:11:37,13,32,0,45
2025-04-17T01:19:20,13,32,0,45
2025-04-17T01:27:12,13,32,0,45
2025-04-17T01:34:56,13,32,0,45
2025-04-17T01:42:40,13,32,0,45
2025-04-17T01:50:23,13,32,0,45
2025-04-17T01:58:07,13,32,0,45
2025-04-17T02:05:50,13,32,0,45
2025-04-17T02:13:33,13,32,0,45
2025-04-17T02:21:16,13,32,0,45
2025-04-17T02:29:01,13,32,0,45
2025-04-17T02:36:44,13,32,0,45
2025-04-17T02:44:27,13,32,0,45
2025-04-17T02:52:10,13,32,0,45
2025-04-17T02:59:56,13,32,0,45
2025-04-17T03:07:40,13,32,0,45
2025-04-17T03:15:23,13,32,0,45
2025-04-17T03:23:06,13,32,0,45
2025-04-17T03:30:49,13,32,0,45
2025-04-17T03:38:31,13,32,0,45
2025-04-17T03:46:14,13,32,0,45
2025-04-17T03:53:59,13,32,0,45
2025-04-17T04:01:42,13,32,0,45
2025-04-17T04:09:26,13,32,0,45
2025-04-17T04:28:24,13,32,0,45
2025-04-17T04:36:22,13,32,0,45
2025-04-17T04:44:06,13,32,0,45
2025-04-17T04:51:49,13,32,0,45
2025-04-17T04:59:32,13,32,0,45
2025-04-17T05:07:15,13,32,0,45
2025-04-17T05:14:59,13,32,0,45
2025-04-17T05:22:42,13,32,0,45
2025-04-17T05:30:25,13,32,0,45
2025-04-17T05:38:10,13,32,0,45
2025-04-17T05:45:54,13,32,0,45
2025-04-17T05:53:37,13,32,0,45
2025-04-17T06:01:21,13,32,0,45
2025-04-17T06:09:04,13,32,0,45
2025-04-17T06:16:47,13,32,0,45
2025-04-17T06:24:30,13,32,0,45
2025-04-17T06:32:14,13,32,0,45
2025-04-17T06:39:58,13,32,0,45
2025-04-17T06:47:41,13,32,0,45
2025-04-17T06:55:25,13,32,0,45
2025-04-17T07:03:08,13,32,0,45
2025-04-17T07:10:52,13,32,0,45
2025-04-17T07:18:35,13,32,0,45
2025-04-17T07:26:18,13,32,0,45
2025-04-17T07:34:01,13,32,0,45
2025-04-17T07:41:44,13,32,0,45
2025-04-17T07:49:27,13,32,0,45
2025-04-17T07:57:09,13,32,0,45
2025-04-17T08:04:52,13,32,0,45
2025-04-17T08:12:35,13,32,0,45
2025-04-17T08:20:20,13,32,0,45
2025-04-17T08:28:03,14,31,0,45
2025-04-17T08:35:53,14,31,0,45
2025-04-17T08:43:35,14,31,0,45
2025-04-17T08:51:18,14,31,0,45
2025-04-17T08:59:00,14,31,0,45
2025-04-17T09:06:43,14,31,0,45
2025-04-17T09:14:25,14,31,0,45
2025-04-17T09:22:08,14,31,0,45
2025-04-17T09:29:50,14,31,0,45
2025-04-17T09:37:33,14,31,0,45
2025-04-17T09:45:15,14,31,0,45
2025-04-17T09:52:58,14,31,0,45
2025-04-17T10:00:41,14,31,0,45
2025-04-17T10:08:23,14,31,0,45
2025-04-17T10:16:06,14,31,0,45
2025-04-17T10:23:50,14,31,0,45
2025-04-17T10:31:44,14,31,0,45
2025-04-17T10:39:28,14,31,0,45
2025-04-17T10:47:12,14,31,0,45
2025-04-17T10:54:56,14,31,0,45
2025-04-17T11:02:40,14,31,0,45
2025-04-17T11:10:24,14,31,0,45
2025-04-17T11:18:07,14,31,0,45
2025-04-17T11:25:51,14,31,0,45
2025-04-17T11:33:34,14,31,0,45
2025-04-17T11:41:18,14,31,0,45
2025-04-17T11:49:01,14,31,0,45
2025-04-17T11:56:54,14,31,0,45
2025-04-17T12:04:37,14,31,0,45
2025-04-17T12:12:20,15,30,0,45
2025-04-17T12:20:04,15,30,0,45
2025-04-17T12:27:50,15,30,0,45
2025-04-17T12:35:33,15,30,0,45
2025-04-17T12:43:16,15,30,0,45
2025-04-17T12:51:00,15,30,0,45
2025-04-17T12:58:43,15,30,0,45
2025-04-17T13:06:36,15,30,0,45
2025-04-17T13:14:20,15,30,0,45
2025-04-17T13:22:04,15,30,0,45
2025-04-17T13:29:47,15,30,0,45
2025-04-17T13:37:31,16,29,0,45
2025-04-17T13:45:15,17,28,0,45
2025-04-17T13:52:58,17,28,0,45
2025-04-17T14:00:42,17,28,0,45
2025-04-17T14:08:26,17,28,0,45
2025-04-17T14:16:09,17,28,0,45
2025-04-17T14:24:03,17,28,0,45
2025-04-17T14:31:47,18,27,0,45
2025-04-17T14:39:30,18,27,0,45
2025-04-17T14:47:14,18,27,0,45
2025-04-17T14:54:58,18,27,0,45
2025-04-17T15:02:42,18,27,0,45
2025-04-17T15:10:26,18,27,0,45
2025-04-17T15:18:10,18,27,0,45
2025-04-17T15:25:54,18,27,0,45
2025-04-17T15:33:50,18,27,0,45
2025-04-17T15:41:34,18,27,0,45
2025-04-17T15:49:18,18,27,0,45
2025-04-17T15:57:01,18,27,0,45
2025-04-17T16:04:45,18,27,0,45
2025-04-17T16:12:29,18,27,0,45
2025-04-17T16:20:13,18,27,0,45
2025-04-17T16:27:57,18,27,0,45
2025-04-17T16:35:41,18,27,0,45
2025-04-17T16:43:34,18,27,0,45
2025-04-17T16:51:18,18,27,0,45
2025-04-17T16:59:01,18,27,0,45
2025-04-17T17:06:46,18,27,0,45
2025-04-17T17:14:31,18,27,0,45
2025-04-17T17:22:15,18,27,0,45
2025-04-17T17:30:00,18,27,0,45
2025-04-17T17:37:44,18,27,0,45
2025-04-17T17:45:28,18,27,0,45
2025-04-17T17:53:11,18,27,0,45
2025-04-17T18:00:55,18,27,0,45
2025-04-17T18:08:38,18,27,0,45
2025-04-17T18:16:31,18,27,0,45
2025-04-17T18:24:15,18,27,0,45
2025-04-17T18:31:59,18,27,0,45
2025-04-17T18:39:42,18,27,0,45
2025-04-17T18:47:26,18,27,0,45
2025-04-17T18:55:09,18,27,0,45
2025-04-17T19:02:53,18,27,0,45
2025-04-17T19:10:36,18,27,0,45
2025-04-17T19:18:20,18,27,0,45
2025-04-17T19:26:04,18,27,0,45
2025-04-17T19:33:47,18,27,0,45
2025-04-17T19:41:40,18,27,0,45
2025-04-17T19:49:25,18,27,0,45
2025-04-17T19:57:10,18,27,0,45
2025-04-17T20:04:54,18,27,0,45
2025-04-17T20:12:38,18,27,0,45
2025-04-17T20:20:23,18,27,0,45
2025-04-17T20:28:07,18,27,0,45
2025-04-17T20:35:50,18,27,0,45
2025-04-17T20:43:34,18,27,0,45
2025-04-17T20:51:17,18,27,0,45
2025-04-17T20:59:01,18,27,0,45
2025-04-17T21:06:45,18,27,0,45
2025-04-17T21:14:29,18,27,0,45
2025-04-17T21:22:12,18,27,0,45
2025-04-17T21:29:56,18,27,0,45
2025-04-17T21:37:39,18,27,0,45
2025-04-17T21:45:22,18,27,0,45
2025-04-17T21:53:16,18,27,0,45
2025-04-17T22:01:00,18,27,0,45
2025-04-17T22:08:43,18,27,0,45
2025-04-17T22:16:28,18,27,0,45
2025-04-17T22:24:11,18,27,0,45
2025-04-17T22:31:56,18,27,0,45
2025-04-17T22:39:39,18,27,0,45
2025-04-17T22:47:23,18,27,0,45
2025-04-17T22:55:06,18,27,0,45
2025-04-17T23:02:50,18,27,0,45
2025-04-17T23:10:34,18,27,0,45
2025-04-17T23:18:19,18,27,0,45
2025-04-17T23:26:03,18,27,0,45
2025-04-17T23:33:47,18,27,0,45
2025-04-17T23:41:30,18,27,0,45
2025-04-17T23:49:14,18,27,0,45
2025-04-17T23:56:57,18,27,0,45
2025-04-18T00:04:41,18,27,0,45
2025-04-18T00:12:25,18,27,0,45
2025-04-18T00:20:09,18,27,0,45
2025-04-18T00:27:54,18,27,0,45
2025-04-18T00:35:48,18,27,0,45
2025-04-18T00:43:33,18,27,0,45
2025-04-18T00:51:18,18,27,0,45
2025-04-18T00:59:02,18,27,0,45
2025-04-18T01:06:47,18,27,0,45
2025-04-18T01:14:32,18,27,0,45
2025-04-18T01:22:16,18,27,0,45
2025-04-18T01:30:01,18,27,0,45
2025-04-18T01:37:45,18,27,0,45
2025-04-18T01:45:29,18,27,0,45
2025-04-18T01:53:14,18,27,0,45
2025-04-18T02:00:58,18,27,0,45
2025-04-18T02:08:42,18,27,0,45
2025-04-18T02:16:26,18,27,0,45
2025-04-18T02:24:10,18,27,0,45
2025-04-18T02:31:54,18,27,0,45
2025-04-18T02:39:38,18,27,0,45
2025-04-18T02:47:23,18,27,0,45
2025-04-18T02:55:07,18,27,0,45
2025-04-18T03:02:51,18,27,0,45
2025-04-18T03:10:35,18,27,0,45
2025-04-18T03:18:19,18,27,0,45
2025-04-18T03:26:03,18,27,0,45
2025-04-18T03:33:46,18,27,0,45
2025-04-18T03:41:31,18,27,0,45
2025-04-18T03:49:16,18,27,0,45
2025-04-18T03:59:19,18,27,0,45
2025-04-18T04:07:22,18,27,0,45
2025-04-18T04:15:07,18,27,0,45
2025-04-18T04:33:22,18,27,0,45
2025-04-18T04:41:07,18,27,0,45
2025-04-18T04:48:52,18,27,0,45
2025-04-18T04:56:38,18,27,0,45
2025-04-18T05:04:23,18,27,0,45
2025-04-18T05:12:07,18,27,0,45
2025-04-18T05:19:51,18,27,0,45
2025-04-18T05:27:36,18,27,0,45
2025-04-18T05:35:20,18,27,0,45
2025-04-18T05:43:05,18,27,0,45
2025-04-18T05:50:50,18,27,0,45
2025-04-18T05:58:35,18,27,0,45
2025-04-18T06:06:19,18,27,0,45
2025-04-18T06:14:03,18,27,0,45
2025-04-18T06:21:48,18,27,0,45
2025-04-18T06:29:32,18,27,0,45
2025-04-18T06:37:19,18,27,0,45
2025-04-18T06:45:03,18,27,0,45
2025-04-18T06:52:49,18,27,0,45
2025-04-18T07:00:34,18,27,0,45
2025-04-18T07:08:20,18,27,0,45
2025-04-18T07:16:06,18,27,0,45
2025-04-18T07:23:52,18,27,0,45
2025-04-18T07:31:37,18,27,0,45
2025-04-18T07:39:21,18,27,0,45
2025-04-18T07:47:05,18,27,0,45
2025-04-18T07:54:49,18,27,0,45
2025-04-18T08:02:33,18,27,0,45
2025-04-18T08:10:18,18,27,0,45
2025-04-18T08:18:01,18,27,0,45
2025-04-18T08:25:45,18,27,0,45
2025-04-18T08:33:41,18,27,0,45
2025-04-18T08:41:25,18,27,0,45
2025-04-18T08:49:09,18,27,0,45
2025-04-18T08:56:53,18,27,0,45
2025-04-18T09:04:37,18,27,0,45
2025-04-18T09:12:20,18,27,0,45
2025-04-18T09:20:04,18,27,0,45
2025-04-18T09:27:48,18,27,0,45
2025-04-18T09:35:32,18,27,0,45
2025-04-18T09:43:16,18,27,0,45
2025-04-18T09:51:00,18,27,0,45
2025-04-18T09:58:43,18,27,0,45
2025-04-18T10:06:27,18,27,0,45
2025-04-18T10:14:10,18,27,0,45
2025-04-18T10:21:54,18,27,0,45
2025-04-18T10:29:38,18,27,0,45
2025-04-18T10:37:21,18,27,0,45
2025-04-18T10:45:04,18,27,0,45
2025-04-18T10:52:58,18,27,0,45
2025-04-18T11:00:42,18,27,0,45
2025-04-18T11:08:25,18,27,0,45
2025-04-18T11:16:08,18,27,0,45
2025-04-18T11:23:52,18,27,0,45
2025-04-18T11:31:35,18,27,0,45
2025-04-18T11:39:19,18,27,0,45
2025-04-18T11:47:02,18,27,0,45
2025-04-18T11:54:46,18,27,0,45
2025-04-18T12:02:30,18,27,0,45
2025-04-18T12:10:13,18,27,0,45
2025-04-18T12:17:57,18,27,0,45
2025-04-18T12:25:41,18,27,0,45
2025-04-18T12:33:35,18,27,0,45
2025-04-18T12:41:18,18,27,0,45
2025-04-18T12:49:02,18,27,0,45
2025-04-18T12:56:45,18,27,0,45
2025-04-18T13:04:29,18,27,0,45
2025-04-18T13:12:12,18,27,0,45
2025-04-18T13:19:55,18,27,0,45
2025-04-18T13:27:39,18,27,0,45
2025-04-18T13:35:22,18,27,0,45
2025-04-18T13:43:06,18,27,0,45
2025-04-18T13:50:50,18,27,0,45
2025-04-18T13:58:34,18,27,0,45
2025-04-18T14:06:17,18,27,0,45
2025-04-18T14:14:01,18,27,0,45
2025-04-18T14:21:55,18,27,0,45
2025-04-18T14:29:39,18,27,0,45
2025-04-18T14:37:22,18,27,0,45
2025-04-18T14:45:05,18,27,0,45
2025-04-18T14:52:49,18,27,0,45
2025-04-18T15:00:33,18,27,0,45
2025-04-18T15:08:17,18,27,0,45
2025-04-18T15:16:00,18,27,0,45
2025-04-18T15:23:43,18,27,0,45
2025-04-18T15:31:27,19,26,0,45
2025-04-18T15:39:10,19,26,0,45
2025-04-18T15:46:54,19,26,0,45
2025-04-18T15:54:38,19,26,0,45
2025-04-18T16:02:21,19,26,0,45
2025-04-18T16:10:17,19,26,0,45
2025-04-18T16:18:00,19,26,0,45
2025-04-18T16:25:43,19,26,0,45
2025-04-18T16:33:27,19,26,0,45
2025-04-18T16:41:11,19,26,0,45
2025-04-18T16:48:55,19,26,0,45
2025-04-18T16:56:39,19,26,0,45
2025-04-18T17:04:22,19,26,0,45
2025-04-18T17:12:06,19,26,0,45
2025-04-18T17:19:50,19,26,0,45
2025-04-18T17:27:33,19,26,0,45
2025-04-18T17:35:16,19,26,0,45
2025-04-18T17:43:00,19,26,0,45
2025-04-18T17:50:43,19,26,0,45
2025-04-18T17:58:26,19,26,0,45
2025-04-18T18:06:10,19,26,0,45
2025-04-18T18:14:06,19,26,0,45
2025-04-18T18:21:50,19,26,0,45
2025-04-18T18:29:34,19,26,0,45
2025-04-18T18:37:17,19,26,0,45
2025-04-18T18:45:01,19,26,0,45
2025-04-18T18:52:44,19,26,0,45
2025-04-18T19:00:28,19,26,0,45
2025-04-18T19:08:11,19,26,0,45
2025-04-18T19:15:55,19,26,0,45
2025-04-18T19:23:38,19,26,0,45
2025-04-18T19:31:21,19,26,0,45
2025-04-18T19:39:05,19,26,0,45
2025-04-18T19:46:48,19,26,0,45
2025-04-18T19:54:32,19,26,0,45
2025-04-18T20:02:16,19,26,0,45
2025-04-18T20:10:00,19,26,0,45
2025-04-18T20:17:43,19,26,0,45
2025-04-18T20:25:37,19,26,0,45
2025-04-18T20:33:21,19,26,0,45
2025-04-18T20:41:04,19,26,0,45
2025-04-18T20:48:48,19,26,0,45
2025-04-18T20:56:31,19,26,0,45
2025-04-18T21:04:15,19,26,0,45
2025-04-18T21:11:58,19,26,0,45
2025-04-18T21:19:42,19,26,0,45
2025-04-18T21:27:25,19,26,0,45
2025-04-18T21:35:09,19,26,0,45
2025-04-18T21:42:52,19,26,0,45
2025-04-18T21:50:36,19,26,0,45
2025-04-18T21:58:19,19,26,0,45
2025-04-18T22:06:02,19,26,0,45
2025-04-18T22:13:46,19,26,0,45
2025-04-18T22:21:30,19,26,0,45
2025-04-18T22:29:13,19,26,0,45
2025-04-18T22:36:57,19,26,0,45
2025-04-18T22:44:41,19,26,0,45
2025-04-18T22:52:24,19,26,0,45
2025-04-18T23:00:08,19,26,0,45
2025-04-18T23:07:52,19,26,0,45
2025-04-18T23:15:46,19,26,0,45
2025-04-18T23:23:30,19,26,0,45
2025-04-18T23:31:14,19,26,0,45
2025-04-18T23:38:57,19,26,0,45
2025-04-18T23:46:41,19,26,0,45
2025-04-18T23:54:25,19,26,0,45
2025-04-19T00:02:09,19,26,0,45
2025-04-19T00:09:54,19,26,0,45
2025-04-19T00:17:38,19,26,0,45
2025-04-19T00:25:24,19,26,0,45
2025-04-19T00:33:09,19,26,0,45
2025-04-19T00:40:54,19,26,0,45
2025-04-19T00:48:39,19,26,0,45
2025-04-19T00:56:24,19,26,0,45
2025-04-19T01:04:09,19,26,0,45
2025-04-19T01:11:53,19,26,0,45
2025-04-19T01:19:37,19,26,0,45
2025-04-19T01:27:21,19,26,0,45
2025-04-19T01:35:05,19,26,0,45
2025-04-19T01:42:50,19,26,0,45
2025-04-19T01:50:34,19,26,0,45
2025-04-19T01:58:18,19,26,0,45
2025-04-19T02:06:02,19,26,0,45
2025-04-19T02:13:45,19,26,0,45
2025-04-19T02:21:29,19,26,0,45
2025-04-19T02:29:13,19,26,0,45
2025-04-19T02:36:56,19,26,0,45
2025-04-19T02:44:40,19,26,0,45
2025-04-19T02:52:24,19,26,0,45
2025-04-19T03:00:16,19,26,0,45
2025-04-19T03:08:00,19,26,0,45
2025-04-19T03:15:45,19,26,0,45
2025-04-19T03:24:09,19,26,0,45
2025-04-19T03:31:54,19,26,0,45
2025-04-19T03:39:38,19,26,0,45
2025-04-19T03:47:23,19,26,0,45
2025-04-19T03:55:07,19,26,0,45
2025-04-19T04:02:58,19,26,0,45
2025-04-19T04:10:43,19,26,0,45
2025-04-19T04:35:58,19,26,0,45
2025-04-19T04:43:43,19,26,0,45
2025-04-19T04:51:29,19,26,0,45
2025-04-19T04:59:13,19,26,0,45
2025-04-19T05:06:58,19,26,0,45
2025-04-19T05:14:42,19,26,0,45
2025-04-19T05:22:26,19,26,0,45
2025-04-19T05:30:10,19,26,0,45
2025-04-19T05:37:54,19,26,0,45
2025-04-19T05:45:38,19,26,0,45
2025-04-19T05:53:22,19,26,0,45
2025-04-19T06:01:06,19,26,0,45
2025-04-19T06:08:49,19,26,0,45
2025-04-19T06:16:34,19,26,0,45
2025-04-19T06:24:18,19,26,0,45
2025-04-19T06:32:06,19,26,0,45
2025-04-19T06:39:50,19,26,0,45
2025-04-19T06:47:35,19,26,0,45
2025-04-19T06:55:18,19,26,0,45
2025-04-19T07:03:03,19,26,0,45
2025-04-19T07:10:47,19,26,0,45
2025-04-19T07:18:33,19,26,0,45
2025-04-19T07:26:30,19,26,0,45
2025-04-19T07:34:14,19,26,0,45
2025-04-19T07:41:58,19,26,0,45
2025-04-19T07:49:42,19,26,0,45
2025-04-19T07:57:26,19,26,0,45
2025-04-19T08:05:10,19,26,0,45
2025-04-19T08:12:55,19,26,0,45
2025-04-19T08:20:39,19,26,0,45
2025-04-19T08:28:23,19,26,0,45
2025-04-19T08:36:07,19,26,0,45
2025-04-19T08:43:51,19,26,0,45
2025-04-19T08:51:35,19,26,0,45
2025-04-19T08:59:18,19,26,0,45
2025-04-19T09:07:02,19,26,0,45
2025-04-19T09:14:46,19,26,0,45
2025-04-19T09:22:29,19,26,0,45
2025-04-19T09:30:13,19,26,0,45
2025-04-19T09:37:56,19,26,0,45
2025-04-19T09:45:39,19,26,0,45
2025-04-19T09:53:22,19,26,0,45
2025-04-19T10:01:05,19,26,0,45
2025-04-19T10:08:49,19,26,0,45
2025-04-19T10:16:32,19,26,0,45
2025-04-19T10:24:15,19,26,0,45
2025-04-19T10:32:11,19,26,0,45
2025-04-19T10:40:11,19,26,0,45
2025-04-19T10:48:15,19,26,0,45
2025-04-19T10:56:09,19,26,0,45
2025-04-19T11:04:01,19,26,0,45
2025-04-19T11:11:55,19,26,0,45
2025-04-19T11:19:38,19,26,0,45
2025-04-19T11:27:22,19,26,0,45
2025-04-19T11:35:05,19,26,0,45
2025-04-19T11:42:48,19,26,0,45
2025-04-19T11:50:31,19,26,0,45
2025-04-19T11:58:15,19,26,0,45
2025-04-19T12:05:59,19,26,0,45
2025-04-19T12:13:42,19,26,0,45
2025-04-19T12:21:25,19,26,0,45
2025-04-19T12:29:09,19,26,0,45
2025-04-19T12:36:52,19,26,0,45
2025-04-19T12:44:36,19,26,0,45
2025-04-19T12:52:19,19,26,0,45
2025-04-19T13:00:02,19,26,0,45
2025-04-19T13:07:45,19,26,0,45
2025-04-19T13:15:30,19,26,0,45
2025-04-19T13:23:13,19,26,0,45
2025-04-19T13:30:56,19,26,0,45
2025-04-19T13:38:40,19,26,0,45
2025-04-19T13:46:23,19,26,0,45
2025-04-19T13:54:06,19,26,0,45
2025-04-19T14:02:04,19,26,0,45
2025-04-19T14:09:47,19,26,0,45
2025-04-19T14:17:30,19,26,0,45
2025-04-19T14:25:14,19,26,0,45
2025-04-19T14:32:57,19,26,0,45
2025-04-19T14:40:41,19,26,0,45
2025-04-19T14:48:24,19,26,0,45
2025-04-19T14:56:07,19,26,0,45
2025-04-19T15:03:51,19,26,0,45
2025-04-19T15:11:35,19,26,0,45
2025-04-19T15:19:18,19,26,0,45
2025-04-19T15:27:01,19,26,0,45
2025-04-19T15:34:44,19,26,0,45
2025-04-19T15:42:28,19,26,0,45
2025-04-19T15:50:11,19,26,0,45
2025-04-19T15:57:54,19,26,0,45
2025-04-19T16:05:37,19,26,0,45
2025-04-19T16:13:21,19,26,0,45
2025-04-19T16:21:04,19,26,0,45
2025-04-19T16:28:47,19,26,0,45
2025-04-19T16:36:31,19,26,0,45
2025-04-19T16:44:14,19,26,0,45
2025-04-19T16:52:06,19,26,0,45
2025-04-19T16:59:49,19,26,0,45
2025-04-19T17:07:33,19,26,0,45
2025-04-19T17:15:17,19,26,0,45
2025-04-19T17:23:00,19,26,0,45
2025-04-19T17:30:44,19,26,0,45
2025-04-19T17:38:27,19,26,0,45
2025-04-19T17:46:10,19,26,0,45
2025-04-19T17:53:53,19,26,0,45
2025-04-19T18:01:37,19,26,0,45
2025-04-19T18:09:21,19,26,0,45
2025-04-19T18:17:05,19,26,0,45
2025-04-19T18:24:49,19,26,0,45
2025-04-19T18:32:32,19,26,0,45
2025-04-19T18:40:15,19,26,0,45
2025-04-19T18:47:58,19,26,0,45
2025-04-19T18:55:42,19,26,0,45
2025-04-19T19:03:25,19,26,0,45
2025-04-19T19:11:09,19,26,0,45
2025-04-19T19:18:53,19,26,0,45
2025-04-19T19:26:36,19,26,0,45
2025-04-19T19:34:19,19,26,0,45
2025-04-19T19:42:03,19,26,0,45
2025-04-19T19:49:46,19,26,0,45
2025-04-19T19:57:29,19,26,0,45
2025-04-19T20:05:22,19,26,0,45
2025-04-19T20:13:06,19,26,0,45
2025-04-19T20:20:49,19,26,0,45
2025-04-19T20:28:32,19,26,0,45
2025-04-19T20:36:15,19,26,0,45
2025-04-19T20:43:58,19,26,0,45
2025-04-19T20:51:41,19,26,0,45
2025-04-19T20:59:25,19,26,0,45
2025-04-19T21:07:08,19,26,0,45
2025-04-19T21:14:51,19,26,0,45
2025-04-19T21:22:34,19,26,0,45
2025-04-19T21:30:18,19,26,0,45
2025-04-19T21:38:01,19,26,0,45
2025-04-19T21:45:45,19,26,0,45
2025-04-19T21:53:28,19,26,0,45
2025-04-19T22:01:11,19,26,0,45
2025-04-19T22:08:55,19,26,0,45
2025-04-19T22:16:38,19,26,0,45
2025-04-19T22:24:22,19,26,0,45
2025-04-19T22:32:23,19,26,0,45
2025-04-19T22:40:07,19,26,0,45
2025-04-19T22:47:51,19,26,0,45
2025-04-19T22:55:35,19,26,0,45
2025-04-19T23:03:19,19,26,0,45
2025-04-19T23:11:03,19,26,0,45
2025-04-19T23:18:46,19,26,0,45
2025-04-19T23:26:30,19,26,0,45
2025-04-19T23:34:13,19,26,0,45
2025-04-19T23:41:56,19,26,0,45
2025-04-19T23:49:40,19,26,0,45
2025-04-19T23:57:24,19,26,0,45
2025-04-20T00:05:08,19,26,0,45
2025-04-20T00:12:52,19,26,0,45
2025-04-20T00:20:35,19,26,0,45
2025-04-20T00:28:19,19,26,0,45
2025-04-20T00:36:02,19,26,0,45
2025-04-20T00:57:21,19,26,0,45
2025-04-20T01:05:05,19,26,0,45
2025-04-20T01:12:49,19,26,0,45
2025-04-20T01:20:32,19,26,0,45
2025-04-20T01:28:15,19,26,0,45
2025-04-20T01:35:59,19,26,0,45
2025-04-20T01:44:12,19,26,0,45
2025-04-20T01:53:00,19,26,0,45
2025-04-20T02:00:54,19,26,0,45
2025-04-20T02:08:39,19,26,0,45
2025-04-20T02:16:33,19,26,0,45
2025-04-20T02:24:18,19,26,0,45
2025-04-20T02:32:03,19,26,0,45
2025-04-20T02:39:46,19,26,0,45
2025-04-20T02:47:40,19,26,0,45
2025-04-20T02:55:25,19,26,0,45
2025-04-20T03:03:28,19,26,0,45
2025-04-20T03:11:12,19,26,0,45
2025-04-20T03:18:56,19,26,0,45
2025-04-20T03:26:40,19,26,0,45
2025-04-20T03:34:24,19,26,0,45
2025-04-20T03:42:09,19,26,0,45
2025-04-20T03:49:53,19,26,0,45
2025-04-20T03:57:37,19,26,0,45
2025-04-20T04:05:22,19,26,0,45
2025-04-20T04:26:14,19,26,0,45
2025-04-20T04:33:59,19,26,0,45
2025-04-20T04:41:44,19,26,0,45
2025-04-20T04:49:28,19,26,0,45
2025-04-20T04:57:12,19,26,0,45
2025-04-20T05:04:56,19,26,0,45
2025-04-20T05:12:40,19,26,0,45
2025-04-20T05:20:24,19,26,0,45
2025-04-20T05:28:08,19,26,0,45
2025-04-20T05:35:52,19,26,0,45
2025-04-20T05:43:37,19,26,0,45
2025-04-20T05:51:21,19,26,0,45
2025-04-20T05:59:05,19,26,0,45
2025-04-20T06:06:49,19,26,0,45
2025-04-20T06:14:34,19,26,0,45
2025-04-20T06:22:18,19,26,0,45
2025-04-20T06:30:04,19,26,0,45
2025-04-20T06:37:48,19,26,0,45
2025-04-20T06:45:32,19,26,0,45
2025-04-20T06:53:17,19,26,0,45
2025-04-20T07:01:02,19,26,0,45
2025-04-20T07:08:45,19,26,0,45
2025-04-20T07:16:29,19,26,0,45
2025-04-20T07:24:13,19,26,0,45
2025-04-20T07:31:57,19,26,0,45
2025-04-20T07:39:42,19,26,0,45
2025-04-20T07:47:26,19,26,0,45
2025-04-20T07:55:10,19,26,0,45
2025-04-20T08:02:53,19,26,0,45
2025-04-20T08:10:36,19,26,0,45
2025-04-20T08:18:20,19,26,0,45
2025-04-20T08:26:04,19,26,0,45
2025-04-20T08:33:49,19,26,0,45
2025-04-20T08:41:32,19,26,0,45
2025-04-20T08:49:16,19,26,0,45
2025-04-20T08:57:00,19,26,0,45
2025-04-20T09:04:43,19,26,0,45
2025-04-20T09:12:27,19,26,0,45
2025-04-20T09:20:12,19,26,0,45
2025-04-20T09:27:55,19,26,0,45
2025-04-20T09:35:39,19,26,0,45
2025-04-20T09:43:26,19,26,0,45
2025-04-20T09:51:09,19,26,0,45
2025-04-20T09:58:52,19,26,0,45
2025-04-20T10:06:44,19,26,0,45
2025-04-20T10:14:27,19,26,0,45
2025-04-20T10:22:11,19,26,0,45
2025-04-20T10:29:54,19,26,0,45
2025-04-20T10:37:38,19,26,0,45
2025-04-20T10:45:21,19,26,0,45
2025-04-20T10:53:04,19,26,0,45
2025-04-20T11:00:47,19,26,0,45
2025-04-20T11:08:32,19,26,0,45
2025-04-20T11:16:16,19,26,0,45
2025-04-20T11:23:59,19,26,0,45
2025-04-20T11:31:42,19,26,0,45
2025-04-20T11:39:26,19,26,0,45
2025-04-20T11:47:09,19,26,0,45
2025-04-20T11:54:53,19,26,0,45
2025-04-20T12:02:36,19,26,0,45
2025-04-20T12:10:20,19,26,0,45
2025-04-20T12:18:03,19,26,0,45
2025-04-20T12:25:46,19,26,0,45
2025-04-20T12:33:30,19,26,0,45
2025-04-20T12:41:13,19,26,0,45
2025-04-20T12:48:56,19,26,0,45
2025-04-20T12:56:39,19,26,0,45
2025-04-20T13:04:23,19,26,0,45
2025-04-20T13:12:06,19,26,0,45
2025-04-20T13:19:49,19,26,0,45
2025-04-20T13:27:44,19,26,0,45
2025-04-20T13:35:28,19,26,0,45
2025-04-20T13:43:11,19,26,0,45
2025-04-20T13:50:54,19,26,0,45
2025-04-20T13:58:37,19,26,0,45
2025-04-20T14:06:21,19,26,0,45
2025-04-20T14:14:04,19,26,0,45
2025-04-20T14:21:47,19,26,0,45
2025-04-20T14:29:31,19,26,0,45
2025-04-20T14:37:14,19,26,0,45
2025-04-20T14:44:57,19,26,0,45
2025-04-20T14:52:41,19,26,0,45
2025-04-20T15:00:24,19,26,0,45
2025-04-20T15:08:08,19,26,0,45
2025-04-20T15:15:51,19,26,0,45
2025-04-20T15:23:35,19,26,0,45
2025-04-20T15:31:18,19,26,0,45
2025-04-20T15:39:02,19,26,0,45
2025-04-20T15:46:45,19,26,0,45
2025-04-20T15:54:28,19,26,0,45
2025-04-20T16:02:11,19,26,0,45
2025-04-20T16:09:55,19,26,0,45
2025-04-20T16:17:46,19,26,0,45
2025-04-20T16:25:30,19,26,0,45
2025-04-20T16:33:13,19,26,0,45
2025-04-20T16:40:56,19,26,0,45
2025-04-20T16:48:40,19,26,0,45
2025-04-20T16:56:23,19,26,0,45
2025-04-20T17:04:06,19,26,0,45
2025-04-20T17:11:50,19,26,0,45
2025-04-20T17:19:33,19,26,0,45
2025-04-20T17:27:19,19,26,0,45
2025-04-20T17:35:02,19,26,0,45
2025-04-20T17:42:45,19,26,0,45
2025-04-20T17:50:28,19,26,0,45
2025-04-20T17:58:12,19,26,0,45
2025-04-20T18:05:55,19,26,0,45
2025-04-20T18:13:40,19,26,0,45
2025-04-20T18:21:23,19,26,0,45
2025-04-20T18:29:07,19,26,0,45
2025-04-20T18:36:50,19,26,0,45
2025-04-20T18:44:34,19,26,0,45
2025-04-20T18:52:17,19,26,0,45
2025-04-20T19:00:01,19,26,0,45
2025-04-20T19:07:45,19,26,0,45
2025-04-20T19:15:37,19,26,0,45
2025-04-20T19:23:20,19,26,0,45
2025-04-20T19:31:03,19,26,0,45
2025-04-20T19:38:47,19,26,0,45
2025-04-20T19:46:31,19,26,0,45
2025-04-20T19:54:14,19,26,0,45
2025-04-20T20:01:58,19,26,0,45
2025-04-20T20:09:41,19,26,0,45
2025-04-20T20:17:25,19,26,0,45
2025-04-20T20:25:08,19,26,0,45
2025-04-20T20:32:52,19,26,0,45
2025-04-20T20:40:35,19,26,0,45
2025-04-20T20:48:18,19,26,0,45
2025-04-20T20:56:02,19,26,0,45
2025-04-20T21:03:45,19,26,0,45
2025-04-20T21:11:28,19,26,0,45
2025-04-20T21:19:12,19,26,0,45
2025-04-20T21:26:56,19,26,0,45
2025-04-20T21:34:40,19,26,0,45
2025-04-20T21:42:24,19,26,0,45
2025-04-20T21:50:07,19,26,0,45
2025-04-20T21:57:59,19,26,0,45
2025-04-20T22:05:43,19,26,0,45
2025-04-20T22:13:27,19,26,0,45
2025-04-20T22:21:10,19,26,0,45
2025-04-20T22:28:54,19,26,0,45
2025-04-20T22:36:38,19,26,0,45
2025-04-20T22:44:21,19,26,0,45
2025-04-20T22:52:05,19,26,0,45
2025-04-20T22:59:49,19,26,0,45
2025-04-20T23:07:32,19,26,0,45
2025-04-20T23:15:16,19,26,0,45
2025-04-20T23:22:59,19,26,0,45
2025-04-20T23:30:43,19,26,0,45
2025-04-20T23:38:29,19,26,0,45
2025-04-20T23:46:21,19,26,0,45
2025-04-20T23:54:04,19,26,0,45
2025-04-21T00:01:52,19,26,0,45
2025-04-21T00:09:37,19,26,0,45
2025-04-21T00:17:28,19,26,0,45
2025-04-21T00:25:12,19,26,0,45
2025-04-21T00:32:58,19,26,0,45
2025-04-21T00:40:43,19,26,0,45
2025-04-21T00:48:28,19,26,0,45
2025-04-21T00:56:12,19,26,0,45
2025-04-21T01:03:57,19,26,0,45
2025-04-21T01:11:41,19,26,0,45
2025-04-21T01:19:27,19,26,0,45
2025-04-21T01:27:12,19,26,0,45
2025-04-21T01:34:56,19,26,0,45
2025-04-21T01:42:40,19,26,0,45
2025-04-21T01:50:24,19,26,0,45
2025-04-21T01:58:08,18,27,0,45
2025-04-21T02:05:52,18,27,0,45
2025-04-21T02:13:36,18,27,0,45
2025-04-21T02:21:22,18,27,0,45
2025-04-21T02:29:06,18,27,0,45
2025-04-21T02:36:51,18,27,0,45
2025-04-21T02:44:34,18,27,0,45
2025-04-21T02:52:18,18,27,0,45
2025-04-21T03:00:01,18,27,0,45
2025-04-21T03:07:45,18,27,0,45
2025-04-21T03:15:30,18,27,0,45
2025-04-21T03:23:13,18,27,0,45
2025-04-21T03:30:57,18,27,0,45
2025-04-21T03:38:41,18,27,0,45
2025-04-21T03:46:31,18,27,0,45
2025-04-21T03:54:16,18,27,0,45
2025-04-21T04:03:52,18,27,0,45
2025-04-21T04:11:36,18,27,0,45
2025-04-21T04:33:59,18,27,0,45
2025-04-21T04:41:43,18,27,0,45
2025-04-21T04:49:28,18,27,0,45
2025-04-21T04:57:13,18,27,0,45
2025-04-21T05:04:57,18,27,0,45
2025-04-21T05:12:41,18,27,0,45
2025-04-21T05:20:25,18,27,0,45
2025-04-21T05:28:09,18,27,0,45
2025-04-21T05:35:53,18,27,0,45
2025-04-21T05:43:39,18,27,0,45
2025-04-21T05:51:23,18,27,0,45
2025-04-21T05:59:07,18,27,0,45
2025-04-21T06:06:51,18,27,0,45
2025-04-21T06:14:35,18,27,0,45
2025-04-21T06:22:20,18,27,0,45
2025-04-21T06:30:05,18,27,0,45
2025-04-21T06:37:49,18,27,0,45
2025-04-21T06:45:33,18,27,0,45
2025-04-21T06:53:17,18,27,0,45
2025-04-21T07:01:01,18,27,0,45
2025-04-21T07:08:45,18,27,0,45
2025-04-21T07:16:29,18,27,0,45
2025-04-21T07:24:13,18,27,0,45
2025-04-21T07:31:57,18,27,0,45
2025-04-21T07:39:40,18,27,0,45
2025-04-21T07:47:23,18,27,0,45
2025-04-21T07:55:07,18,27,0,45
2025-04-21T08:02:51,18,27,0,45
2025-04-21T08:10:34,18,27,0,45
2025-04-21T08:18:18,18,27,0,45
2025-04-21T08:26:01,18,27,0,45
2025-04-21T08:33:47,18,27,0,45
2025-04-21T08:41:31,18,27,0,45
2025-04-21T08:49:21,18,27,0,45
2025-04-21T08:57:04,18,27,0,45
2025-04-21T09:04:48,18,27,0,45
2025-04-21T09:12:31,18,27,0,45
2025-04-21T09:20:15,18,27,0,45
2025-04-21T09:27:58,18,27,0,45
2025-04-21T09:35:42,18,27,0,45
2025-04-21T09:43:25,18,27,0,45
2025-04-21T09:51:09,18,27,0,45
2025-04-21T09:58:53,18,27,0,45
2025-04-21T10:06:36,18,27,0,45
2025-04-21T10:14:19,19,26,0,45
2025-04-21T10:22:03,19,26,0,45
2025-04-21T10:29:46,19,26,0,45
2025-04-21T10:37:30,19,26,0,45
2025-04-21T10:45:14,19,26,0,45
2025-04-21T10:52:59,19,26,0,45
2025-04-21T11:00:55,19,26,0,45
2025-04-21T11:08:40,19,26,0,45
2025-04-21T11:16:30,19,26,0,45
2025-04-21T11:24:17,19,26,0,45
2025-04-21T11:32:03,19,26,0,45
2025-04-21T11:39:50,19,26,0,45
2025-04-21T11:47:37,19,26,0,45
2025-04-21T11:55:24,19,26,0,45
2025-04-21T12:03:12,19,26,0,45
2025-04-21T12:10:59,19,26,0,45
2025-04-21T12:18:45,19,26,0,45
2025-04-21T12:26:44,19,26,0,45
2025-04-21T12:34:30,19,26,0,45
2025-04-21T12:42:16,19,26,0,45
2025-04-21T12:50:03,19,26,0,45
2025-04-21T12:57:50,19,26,0,45
2025-04-21T13:05:36,19,26,0,45
2025-04-21T13:13:23,19,26,0,45
2025-04-21T13:21:10,19,26,0,45
2025-04-21T13:28:56,19,26,0,45
2025-04-21T13:36:43,19,26,0,45
2025-04-21T13:44:29,19,26,0,45
2025-04-21T13:52:16,19,26,0,45
2025-04-21T14:00:02,19,26,0,45
2025-04-21T14:07:49,19,26,0,45
2025-04-21T14:15:37,19,26,0,45
2025-04-21T14:23:32,19,26,0,45
2025-04-21T14:31:20,19,26,0,45
2025-04-21T14:39:07,19,26,0,45
2025-04-21T14:46:55,19,26,0,45
2025-04-21T14:54:43,19,26,0,45
2025-04-21T15:02:31,19,26,0,45
2025-04-21T15:10:18,19,26,0,45
2025-04-21T15:18:06,19,26,0,45
2025-04-21T15:25:54,19,26,0,45
2025-04-21T15:33:42,19,26,0,45
2025-04-21T15:41:29,19,26,0,45
2025-04-21T15:49:27,19,26,0,45
2025-04-21T15:57:14,19,26,0,45
2025-04-21T16:05:02,19,26,0,45
2025-04-21T16:12:49,19,26,0,45
2025-04-21T16:20:37,19,26,0,45
2025-04-21T16:28:24,19,26,0,45
2025-04-21T16:36:12,19,26,0,45
2025-04-21T16:43:59,19,26,0,45
2025-04-21T16:51:48,19,26,0,45
2025-04-21T16:59:36,19,26,0,45
2025-04-21T17:07:23,19,26,0,45
2025-04-21T17:15:11,19,26,0,45
2025-04-21T17:23:00,19,26,0,45
2025-04-21T17:30:48,19,26,0,45
2025-04-21T17:38:35,19,26,0,45
2025-04-21T17:46:32,19,26,0,45
2025-04-21T17:54:21,19,26,0,45
2025-04-21T18:02:08,19,26,0,45
2025-04-21T18:09:56,19,26,0,45
2025-04-21T18:17:43,19,26,0,45
2025-04-21T18:25:30,19,26,0,45
2025-04-21T18:33:18,19,26,0,45
2025-04-21T18:41:06,19,26,0,45
2025-04-21T18:48:54,19,26,0,45
2025-04-21T18:56:41,19,26,0,45
2025-04-21T19:04:29,19,26,0,45
2025-04-21T19:12:16,19,26,0,45
2025-04-21T19:20:05,19,26,0,45
2025-04-21T19:28:02,19,26,0,45
2025-04-21T19:35:49,19,26,0,45
2025-04-21T19:43:36,19,26,0,45
2025-04-21T19:51:24,19,26,0,45
2025-04-21T19:59:12,19,26,0,45
2025-04-21T20:06:59,19,26,0,45
2025-04-21T20:14:46,19,26,0,45
2025-04-21T20:22:34,19,26,0,45
2025-04-21T20:30:22,19,26,0,45
2025-04-21T20:38:09,19,26,0,45
2025-04-21T20:45:56,19,26,0,45
2025-04-21T20:53:44,19,26,0,45
2025-04-21T21:01:31,19,26,0,45
2025-04-21T21:09:19,19,26,0,45
2025-04-21T21:17:06,19,26,0,45
2025-04-21T21:24:53,19,26,0,45
2025-04-21T21:32:41,19,26,0,45
2025-04-21T21:40:28,19,26,0,45
2025-04-21T21:48:15,19,26,0,45
2025-04-21T21:56:12,19,26,0,45
2025-04-21T22:04:00,20,25,0,45
2025-04-21T22:11:47,20,25,0,45
2025-04-21T22:19:35,20,25,0,45
2025-04-21T22:27:22,20,25,0,45
2025-04-21T22:35:10,20,25,0,45
2025-04-21T22:42:59,20,25,0,45
2025-04-21T22:50:47,20,25,0,45
2025-04-21T22:58:37,20,25,0,45
2025-04-21T23:06:25,20,25,0,45
2025-04-21T23:14:12,20,25,0,45
2025-04-21T23:22:00,20,25,0,45
2025-04-21T23:29:47,20,25,0,45
2025-04-21T23:37:35,20,25,0,45
2025-04-21T23:45:22,20,25,0,45
2025-04-21T23:53:10,20,25,0,45
2025-04-22T00:00:57,20,25,0,45
2025-04-22T00:08:46,20,25,0,45
2025-04-22T00:16:34,20,25,0,45
2025-04-22T00:24:22,20,25,0,45
2025-04-22T00:32:14,20,25,0,45
2025-04-22T00:40:03,20,25,0,45
2025-04-22T00:48:00,20,25,0,45
2025-04-22T00:55:47,20,25,0,45
2025-04-22T01:03:35,20,25,0,45
2025-04-22T01:11:23,20,25,0,45
2025-04-22T01:19:10,20,25,0,45
2025-04-22T01:26:57,20,25,0,45
2025-04-22T01:34:45,20,25,0,45
2025-04-22T01:42:33,20,25,0,45
2025-04-22T01:50:20,20,25,0,45
2025-04-22T01:58:08,20,25,0,45
2025-04-22T02:05:55,20,25,0,45
2025-04-22T02:13:42,20,25,0,45
2025-04-22T02:21:29,20,25,0,45
2025-04-22T02:29:16,20,25,0,45
2025-04-22T02:37:04,20,25,0,45
2025-04-22T02:44:52,20,25,0,45
2025-04-22T02:52:39,20,25,0,45
2025-04-22T03:00:27,20,25,0,45
2025-04-22T03:08:15,20,25,0,45
2025-04-22T03:16:10,20,25,0,45
2025-04-22T03:23:58,20,25,0,45
2025-04-22T03:31:45,20,25,0,45
2025-04-22T03:39:33,20,25,0,45
2025-04-22T03:47:22,20,25,0,45
2025-04-22T03:55:37,20,25,0,45
2025-04-22T04:03:26,20,25,0,45
2025-04-22T04:11:14,20,25,0,45
2025-04-22T04:34:31,20,25,0,45
2025-04-22T04:42:20,20,25,0,45
2025-04-22T04:50:09,20,25,0,45
2025-04-22T04:57:58,20,25,0,45
2025-04-22T05:05:46,20,25,0,45
2025-04-22T05:13:34,20,25,0,45
2025-04-22T05:21:22,20,25,0,45
2025-04-22T05:29:10,20,25,0,45
2025-04-22T05:36:59,20,25,0,45
2025-04-22T05:44:47,20,25,0,45
2025-04-22T05:52:36,20,25,0,45
2025-04-22T06:00:25,20,25,0,45
2025-04-22T06:08:13,20,25,0,45
2025-04-22T06:16:01,20,25,0,45
2025-04-22T06:23:49,20,25,0,45
2025-04-22T06:31:38,20,25,0,45
2025-04-22T06:39:32,20,25,0,45
2025-04-22T06:47:21,20,25,0,45
2025-04-22T06:55:09,20,25,0,45
2025-04-22T07:02:59,20,25,0,45
2025-04-22T07:10:47,20,25,0,45
2025-04-22T07:18:36,20,25,0,45
2025-04-22T07:26:24,20,25,0,45
2025-04-22T07:34:12,20,25,0,45
2025-04-22T07:42:08,20,25,0,45
2025-04-22T07:49:56,20,25,0,45
2025-04-22T07:57:44,20,25,0,45
2025-04-22T08:05:33,20,25,0,45
2025-04-22T08:13:20,20,25,0,45
2025-04-22T08:21:08,20,25,0,45
2025-04-22T08:28:56,20,25,0,45
2025-04-22T08:36:45,20,25,0,45
2025-04-22T08:44:33,20,25,0,45
2025-04-22T08:52:20,20,25,0,45
2025-04-22T09:00:08,20,25,0,45
2025-04-22T09:07:56,20,25,0,45
2025-04-22T09:15:44,20,25,0,45
2025-04-22T09:23:32,20,25,0,45
2025-04-22T09:31:29,20,25,0,45
2025-04-22T09:39:17,20,25,0,45
2025-04-22T09:47:05,20,25,0,45
2025-04-22T09:54:52,20,25,0,45
2025-04-22T10:02:40,20,25,0,45
2025-04-22T10:10:27,20,25,0,45
2025-04-22T10:18:15,20,25,0,45
2025-04-22T10:26:02,20,25,0,45
2025-04-22T10:33:50,20,25,0,45
2025-04-22T10:41:37,20,25,0,45
2025-04-22T10:49:24,20,25,0,45
2025-04-22T10:57:12,20,25,0,45
2025-04-22T11:05:09,20,25,0,45
2025-04-22T11:12:57,20,25,0,45
2025-04-22T11:20:45,20,25,0,45
2025-04-22T11:28:33,20,25,0,45
2025-04-22T11:36:21,20,25,0,45
2025-04-22T11:44:09,21,24,0,45
2025-04-22T11:51:56,21,24,0,45
2025-04-22T11:59:53,21,24,0,45
2025-04-22T12:07:40,21,24,0,45
2025-04-22T12:15:28,21,24,0,45
2025-04-22T12:23:16,21,24,0,45
2025-04-22T12:31:03,21,24,0,45
2025-04-22T12:38:51,21,24,0,45
2025-04-22T12:46:38,21,24,0,45
2025-04-22T12:54:28,21,24,0,45
2025-04-22T13:02:15,21,24,0,45
2025-04-22T13:10:11,21,24,0,45
2025-04-22T13:17:59,21,24,0,45
2025-04-22T13:25:47,21,24,0,45
2025-04-22T13:33:34,21,24,0,45
2025-04-22T13:41:21,22,23,0,45
2025-04-22T13:49:09,22,23,0,45
2025-04-22T13:56:57,22,23,0,45
2025-04-22T14:04:44,22,23,0,45
2025-04-22T14:12:33,22,23,0,45
2025-04-22T14:20:29,22,23,0,45
2025-04-22T14:28:17,22,23,0,45
2025-04-22T14:36:08,22,23,0,45
2025-04-22T14:43:57,22,23,0,45
2025-04-22T14:51:44,22,23,0,45
2025-04-22T14:59:32,22,23,0,45
2025-04-22T15:07:19,22,23,0,45
2025-04-22T15:15:08,22,23,0,45
2025-04-22T15:22:57,22,23,0,45
2025-04-22T15:30:46,22,23,0,45
2025-04-22T15:38:34,22,23,0,45
2025-04-22T15:46:31,22,23,0,45
2025-04-22T15:54:18,22,23,0,45
2025-04-22T16:02:06,22,23,0,45
2025-04-22T16:09:54,22,23,0,45
2025-04-22T16:17:53,22,23,0,45
2025-04-22T16:25:40,22,23,0,45
2025-04-22T16:33:27,22,23,0,45
2025-04-22T16:41:15,22,23,0,45
2025-04-22T16:49:03,22,23,0,45
2025-04-22T16:56:50,22,23,0,45
2025-04-22T17:04:38,22,23,0,45
2025-04-22T17:12:26,22,23,0,45
2025-04-22T17:20:14,22,23,0,45
2025-04-22T17:28:01,22,23,0,45
2025-04-22T17:35:59,22,23,0,45
2025-04-22T17:43:46,22,23,0,45
2025-04-22T17:51:34,22,23,0,45
2025-04-22T17:59:21,22,23,0,45
2025-04-22T18:07:09,22,23,0,45
2025-04-22T18:14:56,22,23,0,45
2025-04-22T18:22:45,22,23,0,45
2025-04-22T18:30:32,22,23,0,45
2025-04-22T18:38:20,22,23,0,45
2025-04-22T18:46:07,22,23,0,45
2025-04-22T18:53:55,22,23,0,45
2025-04-22T19:01:42,22,23,0,45
2025-04-22T19:09:29,22,23,0,45
2025-04-22T19:17:17,22,23,0,45
2025-04-22T19:25:04,22,23,0,45
2025-04-22T19:32:53,22,23,0,45
2025-04-22T19:40:40,22,23,0,45
2025-04-22T19:48:38,22,23,0,45
2025-04-22T19:56:26,22,23,0,45
2025-04-22T20:04:13,22,23,0,45
2025-04-22T20:12:01,22,23,0,45
2025-04-22T20:19:51,22,23,0,45
2025-04-22T20:27:39,22,23,0,45
2025-04-22T20:35:27,22,23,0,45
2025-04-22T20:43:14,22,23,0,45
2025-04-22T20:51:02,22,23,0,45
2025-04-22T20:58:49,22,23,0,45
2025-04-22T21:06:37,22,23,0,45
2025-04-22T21:14:24,22,23,0,45
2025-04-22T21:22:11,22,23,0,45
2025-04-22T21:29:59,22,23,0,45
2025-04-22T21:37:46,22,23,0,45
2025-04-22T21:45:34,22,23,0,45
2025-04-22T21:53:22,22,23,0,45
2025-04-22T22:01:10,22,23,0,45
2025-04-22T22:08:58,22,23,0,45
2025-04-22T22:16:46,22,23,0,45
2025-04-22T22:24:44,22,23,0,45
2025-04-22T22:32:31,22,23,0,45
2025-04-22T22:40:19,22,23,0,45
2025-04-22T22:48:07,22,23,0,45
2025-04-22T22:55:55,22,23,0,45
2025-04-22T23:03:44,22,23,0,45
2025-04-22T23:11:34,22,23,0,45
2025-04-22T23:19:23,22,23,0,45
2025-04-22T23:27:10,22,23,0,45
2025-04-22T23:34:58,22,23,0,45
2025-04-22T23:42:47,22,23,0,45
2025-04-22T23:50:35,22,23,0,45
2025-04-22T23:58:22,22,23,0,45
2025-04-23T00:06:10,22,23,0,45
2025-04-23T00:13:59,22,23,0,45
2025-04-23T00:21:48,22,23,0,45
2025-04-23T00:29:36,22,23,0,45
2025-04-23T00:37:25,22,23,0,45
2025-04-23T00:45:14,22,23,0,45
2025-04-23T00:53:03,22,23,0,45
2025-04-23T01:00:52,22,23,0,45
2025-04-23T01:08:42,22,23,0,45
2025-04-23T01:16:30,22,23,0,45
2025-04-23T01:24:19,22,23,0,45
2025-04-23T01:32:07,22,23,0,45
2025-04-23T01:40:07,22,23,0,45
2025-04-23T01:47:59,22,23,0,45
2025-04-23T01:55:47,22,23,0,45
2025-04-23T02:03:36,22,23,0,45
2025-04-23T02:11:25,22,23,0,45
2025-04-23T02:19:13,22,23,0,45
2025-04-23T02:27:01,22,23,0,45
2025-04-23T02:34:50,22,23,0,45
2025-04-23T02:42:38,22,23,0,45
2025-04-23T02:50:26,22,23,0,45
2025-04-23T02:58:17,22,23,0,45
2025-04-23T03:06:08,22,23,0,45
2025-04-23T03:14:29,22,23,0,45
2025-04-23T03:22:18,22,23,0,45
2025-04-23T03:30:06,22,23,0,45
2025-04-23T03:37:54,22,23,0,45
2025-04-23T03:45:42,22,23,0,45
2025-04-23T03:53:31,22,23,0,45
2025-04-23T04:02:58,22,23,0,45
2025-04-23T04:11:24,22,23,0,45
2025-04-23T04:29:53,22,23,0,45
2025-04-23T04:37:42,22,23,0,45
2025-04-23T04:45:31,22,23,0,45
2025-04-23T04:53:19,22,23,0,45
2025-04-23T05:01:07,22,23,0,45
2025-04-23T05:08:57,22,23,0,45
2025-04-23T05:16:45,22,23,0,45
2025-04-23T05:24:33,22,23,0,45
2025-04-23T05:32:22,22,23,0,45
2025-04-23T05:40:11,22,23,0,45
2025-04-23T05:47:59,22,23,0,45
2025-04-23T05:55:49,22,23,0,45
2025-04-23T06:03:39,22,23,0,45
2025-04-23T06:11:28,22,23,0,45
2025-04-23T06:19:17,22,23,0,45
2025-04-23T06:27:07,22,23,0,45
2025-04-23T06:34:57,22,23,0,45
2025-04-23T06:42:45,22,23,0,45
2025-04-23T06:50:42,22,23,0,45
2025-04-23T06:58:30,22,23,0,45
2025-04-23T07:06:18,22,23,0,45
2025-04-23T07:14:07,22,23,0,45
2025-04-23T07:21:56,22,23,0,45
2025-04-23T07:29:44,22,23,0,45
2025-04-23T07:37:32,22,23,0,45
2025-04-23T07:45:19,22,23,0,45
2025-04-23T07:53:07,22,23,0,45
2025-04-23T08:00:55,22,23,0,45
2025-04-23T08:08:43,22,23,0,45
2025-04-23T08:16:32,22,23,0,45
2025-04-23T08:24:20,22,23,0,45
2025-04-23T08:32:15,22,23,0,45
2025-04-23T08:40:02,22,23,0,45
2025-04-23T08:47:50,22,23,0,45
2025-04-23T08:55:38,22,23,0,45
2025-04-23T09:03:26,22,23,0,45
2025-04-23T09:11:14,22,23,0,45
2025-04-23T09:19:07,22,23,0,45
2025-04-23T09:26:55,22,23,0,45
2025-04-23T09:34:43,22,23,0,45
2025-04-23T09:42:31,22,23,0,45
2025-04-23T09:50:19,22,23,0,45
2025-04-23T09:58:07,22,23,0,45
2025-04-23T10:05:54,22,23,0,45
2025-04-23T10:13:51,22,23,0,45
2025-04-23T10:21:39,22,23,0,45
2025-04-23T10:29:27,22,23,0,45
2025-04-23T10:37:15,22,23,0,45
2025-04-23T10:45:03,22,23,0,45
2025-04-23T10:52:51,22,23,0,45
2025-04-23T11:00:39,22,23,0,45
2025-04-23T11:08:27,22,23,0,45
2025-04-23T11:16:15,22,23,0,45
2025-04-23T11:24:02,22,23,0,45
2025-04-23T11:31:52,22,23,0,45
2025-04-23T11:39:42,22,23,0,45
2025-04-23T11:47:31,22,23,0,45
2025-04-23T11:55:19,22,23,0,45
2025-04-23T12:03:16,22,23,0,45
2025-04-23T12:11:05,22,23,0,45
2025-04-23T12:18:55,22,23,0,45
2025-04-23T12:26:45,22,23,0,45
2025-04-23T12:34:34,22,23,0,45
2025-04-23T12:42:24,22,23,0,45
2025-04-23T12:50:13,22,23,0,45
2025-04-23T12:58:02,22,23,0,45
2025-04-23T13:05:51,22,23,0,45
2025-04-23T13:13:39,22,23,0,45
2025-04-23T13:21:37,22,23,0,45
2025-04-23T13:29:26,22,23,0,45
2025-04-23T13:37:14,22,23,0,45
2025-04-23T13:45:03,22,23,0,45
2025-04-23T13:52:52,22,23,0,45
2025-04-23T14:00:41,22,23,0,45
2025-04-23T14:08:29,22,23,0,45
2025-04-23T14:16:18,22,23,0,45
2025-04-23T14:24:07,22,23,0,45
2025-04-23T14:31:56,22,23,0,45
2025-04-23T14:39:44,22,23,0,45
2025-04-23T14:47:33,22,23,0,45
2025-04-23T14:55:22,22,23,0,45
2025-04-23T15:03:10,22,23,0,45
2025-04-23T15:10:59,22,23,0,45
2025-04-23T15:18:48,22,23,0,45
2025-04-23T15:26:47,22,23,0,45
2025-04-23T15:34:36,22,23,0,45
2025-04-23T15:42:26,22,23,0,45
2025-04-23T15:50:15,22,23,0,45
2025-04-23T15:58:03,22,23,0,45
2025-04-23T16:05:52,22,23,0,45
2025-04-23T16:13:42,22,23,0,45
2025-04-23T16:21:31,22,23,0,45
2025-04-23T16:29:20,22,23,0,45
2025-04-23T16:37:10,22,23,0,45
2025-04-23T16:44:59,22,23,0,45
2025-04-23T16:52:48,22,23,0,45
2025-04-23T17:00:37,22,23,0,45
2025-04-23T17:08:26,22,23,0,45
2025-04-23T17:16:15,22,23,0,45
2025-04-23T17:24:13,22,23,0,45
2025-04-23T17:32:02,22,23,0,45
2025-04-23T17:39:50,22,23,0,45
2025-04-23T17:47:39,22,23,0,45
2025-04-23T17:55:27,22,23,0,45
2025-04-23T18:03:16,22,23,0,45
2025-04-23T18:11:04,22,23,0,45
2025-04-23T18:18:53,22,23,0,45
2025-04-23T18:26:42,22,23,0,45
2025-04-23T18:34:30,22,23,0,45
2025-04-23T18:42:19,22,23,0,45
2025-04-23T18:50:07,22,23,0,45
2025-04-23T18:57:56,22,23,0,45
2025-04-23T19:05:45,22,23,0,45
2025-04-23T19:13:34,22,23,0,45
2025-04-23T19:21:32,22,23,0,45
2025-04-23T19:29:21,22,23,0,45
2025-04-23T19:37:09,22,23,0,45
2025-04-23T19:44:58,22,23,0,45
2025-04-23T19:52:47,22,23,0,45
2025-04-23T20:00:35,22,23,0,45
2025-04-23T20:08:24,22,23,0,45
2025-04-23T20:16:13,22,23,0,45
2025-04-23T20:24:02,22,23,0,45
2025-04-23T20:31:51,22,23,0,45
2025-04-23T20:39:40,22,23,0,45
2025-04-23T20:47:28,22,23,0,45
2025-04-23T20:55:16,22,23,0,45
2025-04-23T21:03:05,22,23,0,45
2025-04-23T21:10:54,22,23,0,45
2025-04-23T21:18:42,22,23,0,45
2025-04-23T21:26:31,22,23,0,45
2025-04-23T21:34:20,22,23,0,45
2025-04-23T21:42:08,22,23,0,45
2025-04-23T21:50:06,22,23,0,45
2025-04-23T21:57:54,22,23,0,45
2025-04-23T22:05:43,22,23,0,45
2025-04-23T22:13:32,22,23,0,45
2025-04-23T22:21:22,22,23,0,45
2025-04-23T22:29:12,22,23,0,45
2025-04-23T22:37:01,22,23,0,45
2025-04-23T22:44:50,22,23,0,45
2025-04-23T22:52:38,22,23,0,45
2025-04-23T23:00:28,22,23,0,45
2025-04-23T23:08:17,22,23,0,45
2025-04-23T23:16:06,22,23,0,45
2025-04-23T23:23:57,22,23,0,45
2025-04-23T23:31:46,22,23,0,45
2025-04-23T23:39:36,22,23,0,45
2025-04-23T23:47:26,22,23,0,45
2025-04-23T23:55:14,22,23,0,45
2025-04-24T00:03:05,22,23,0,45
2025-04-24T00:10:54,22,23,0,45
2025-04-24T00:18:48,22,23,0,45
2025-04-24T00:26:37,22,23,0,45
2025-04-24T00:34:28,22,23,0,45
2025-04-24T00:42:19,22,23,0,45
2025-04-24T00:50:09,22,23,0,45
2025-04-24T00:58:09,22,23,0,45
2025-04-24T01:05:59,22,23,0,45
2025-04-24T01:13:49,22,23,0,45
2025-04-24T01:21:39,22,23,0,45
2025-04-24T01:29:28,22,23,0,45
2025-04-24T01:37:18,22,23,0,45
2025-04-24T01:45:08,22,23,0,45
2025-04-24T01:52:59,22,23,0,45
2025-04-24T02:00:48,22,23,0,45
2025-04-24T02:08:37,22,23,0,45
2025-04-24T02:16:28,22,23,0,45
2025-04-24T02:24:17,22,23,0,45
2025-04-24T02:32:06,22,23,0,45
2025-04-24T02:39:56,22,23,0,45
2025-04-24T02:47:45,22,23,0,45
2025-04-24T02:55:36,22,23,0,45
2025-04-24T03:03:46,22,23,0,45
2025-04-24T03:11:37,22,23,0,45
2025-04-24T03:19:26,22,23,0,45
2025-04-24T03:27:14,22,23,0,45
2025-04-24T03:35:05,22,23,0,45
2025-04-24T03:42:54,22,23,0,45
2025-04-24T03:50:43,22,23,0,45
2025-04-24T03:58:32,22,23,0,45
2025-04-24T04:06:21,22,23,0,45
2025-04-24T04:28:16,22,23,0,45
2025-04-24T04:36:06,22,23,0,45
2025-04-24T04:43:56,22,23,0,45
2025-04-24T04:51:45,22,23,0,45
2025-04-24T04:59:36,22,23,0,45
2025-04-24T05:07:25,22,23,0,45
2025-04-24T05:15:15,22,23,0,45
2025-04-24T05:23:05,22,23,0,45
2025-04-24T05:30:54,22,23,0,45
2025-04-24T05:38:45,22,23,0,45
2025-04-24T05:46:36,22,23,0,45
2025-04-24T05:54:25,22,23,0,45
2025-04-24T06:02:15,22,23,0,45
2025-04-24T06:10:04,22,23,0,45
2025-04-24T06:17:54,22,23,0,45
2025-04-24T06:25:44,22,23,0,45
2025-04-24T06:33:35,22,23,0,45
2025-04-24T06:41:24,22,23,0,45
2025-04-24T06:49:14,22,23,0,45
2025-04-24T06:57:04,22,23,0,45
2025-04-24T07:04:53,22,23,0,45
2025-04-24T07:12:46,22,23,0,45
2025-04-24T07:20:35,22,23,0,45
2025-04-24T07:28:25,22,23,0,45
2025-04-24T07:36:13,22,23,0,45
2025-04-24T07:44:03,22,23,0,45
2025-04-24T07:51:51,22,23,0,45
2025-04-24T07:59:40,22,23,0,45
2025-04-24T08:07:29,22,23,0,45
2025-04-24T08:15:18,22,23,0,45
2025-04-24T08:23:07,22,23,0,45
2025-04-24T08:30:57,22,23,0,45
2025-04-24T08:38:45,22,23,0,45
2025-04-24T08:46:34,22,23,0,45
2025-04-24T08:54:23,22,23,0,45
2025-04-24T09:02:20,22,23,0,45
2025-04-24T09:10:10,22,23,0,45
2025-04-24T09:17:58,22,23,0,45
2025-04-24T09:25:47,22,23,0,45
2025-04-24T09:33:36,22,23,0,45
2025-04-24T09:41:24,22,23,0,45
2025-04-24T09:49:13,22,23,0,45
2025-04-24T09:57:01,22,23,0,45
2025-04-24T10:04:50,22,23,0,45
2025-04-24T10:12:39,22,23,0,45
2025-04-24T10:20:27,22,23,0,45
2025-04-24T10:28:16,22,23,0,45
2025-04-24T10:36:04,22,23,0,45
2025-04-24T10:43:53,22,23,0,45
2025-04-24T10:51:41,22,23,0,45
2025-04-24T10:59:30,23,22,0,45
2025-04-24T11:07:20,23,22,0,45
2025-04-24T11:15:08,23,22,0,45
2025-04-24T11:22:57,23,22,0,45
2025-04-24T11:30:45,23,22,0,45
2025-04-24T11:38:45,23,22,0,45
2025-04-24T11:46:34,23,22,0,45
2025-04-24T11:54:23,23,22,0,45
2025-04-24T12:02:11,23,22,0,45
2025-04-24T12:10:00,23,22,0,45
2025-04-24T12:17:48,23,22,0,45
2025-04-24T12:25:37,23,22,0,45
2025-04-24T12:33:26,23,22,0,45
2025-04-24T12:41:14,23,22,0,45
2025-04-24T12:49:02,23,22,0,45
2025-04-24T12:56:53,23,22,0,45
2025-04-24T13:04:41,23,22,0,45
2025-04-24T13:12:40,23,22,0,45
2025-04-24T13:20:28,23,22,0,45
2025-04-24T13:28:18,23,22,0,45
2025-04-24T13:36:07,23,22,0,45
2025-04-24T13:43:56,23,22,0,45
2025-04-24T13:51:45,23,22,0,45
2025-04-24T13:59:35,23,22,0,45
2025-04-24T14:07:24,23,22,0,45
2025-04-24T14:15:12,23,22,0,45
2025-04-24T14:23:01,23,22,0,45
2025-04-24T14:30:49,23,22,0,45
2025-04-24T14:38:38,23,22,0,45
2025-04-24T14:46:27,23,22,0,45
2025-04-24T14:54:15,23,22,0,45
2025-04-24T15:02:14,23,22,0,45
2025-04-24T15:10:02,23,22,0,45
2025-04-24T15:17:51,23,22,0,45
2025-04-24T15:25:40,23,22,0,45
2025-04-24T15:33:28,23,22,0,45
2025-04-24T15:41:17,23,22,0,45
2025-04-24T15:49:05,23,22,0,45
2025-04-24T15:56:54,23,22,0,45
2025-04-24T16:04:43,23,22,0,45
2025-04-24T16:12:32,23,22,0,45
2025-04-24T16:20:20,23,22,0,45
2025-04-24T16:28:09,23,22,0,45
2025-04-24T16:35:58,23,22,0,45
2025-04-24T16:43:46,23,22,0,45
2025-04-24T16:51:45,23,22,0,45
2025-04-24T16:59:33,23,22,0,45
2025-04-24T17:07:22,23,22,0,45
2025-04-24T17:15:11,23,22,0,45
2025-04-24T17:23:00,23,22,0,45
2025-04-24T17:30:49,23,22,0,45
2025-04-24T17:38:39,23,22,0,45
2025-04-24T17:46:27,23,22,0,45
2025-04-24T17:54:16,23,22,0,45
2025-04-24T18:02:05,23,22,0,45
2025-04-24T18:09:54,23,22,0,45
2025-04-24T18:17:43,23,22,0,45
2025-04-24T18:25:31,23,22,0,45
2025-04-24T18:33:20,23,22,0,45
2025-04-24T18:41:09,23,22,0,45
2025-04-24T18:49:07,23,22,0,45
2025-04-24T18:56:56,23,22,0,45
2025-04-24T19:04:44,23,22,0,45
2025-04-24T19:12:32,23,22,0,45
2025-04-24T19:20:21,23,22,0,45
2025-04-24T19:28:10,23,22,0,45
2025-04-24T19:35:58,23,22,0,45
2025-04-24T19:43:47,23,22,0,45
2025-04-24T19:51:35,23,22,0,45
2025-04-24T19:59:24,23,22,0,45
2025-04-24T20:07:17,23,22,0,45
2025-04-24T20:15:18,23,22,0,45
2025-04-24T20:23:21,23,22,0,45
2025-04-24T20:31:23,23,22,0,45
2025-04-24T20:39:23,23,22,0,45
2025-04-24T20:47:24,23,22,0,45
2025-04-24T20:55:17,23,22,0,45
2025-04-24T21:03:06,23,22,0,45
2025-04-24T21:10:54,23,22,0,45
2025-04-24T21:18:43,23,22,0,45
2025-04-24T21:26:31,23,22,0,45
2025-04-24T21:34:30,23,22,0,45
2025-04-24T21:42:19,23,22,0,45
2025-04-24T21:50:07,23,22,0,45
2025-04-24T21:57:56,23,22,0,45
2025-04-24T22:05:44,23,22,0,45
2025-04-24T22:13:33,23,22,0,45
2025-04-24T22:21:21,23,22,0,45
2025-04-24T22:29:10,23,22,0,45
2025-04-24T22:36:59,23,22,0,45
2025-04-24T22:44:48,23,22,0,45
2025-04-24T22:52:37,23,22,0,45
2025-04-24T23:00:26,23,22,0,45
2025-04-24T23:08:16,23,22,0,45
2025-04-24T23:16:04,23,22,0,45
2025-04-24T23:23:54,23,22,0,45
2025-04-24T23:31:43,23,22,0,45
2025-04-24T23:39:32,23,22,0,45
2025-04-24T23:47:20,23,22,0,45
2025-04-24T23:55:09,23,22,0,45
2025-04-25T00:03:01,23,22,0,45
2025-04-25T00:10:50,23,22,0,45
2025-04-25T00:18:46,23,22,0,45
2025-04-25T00:26:45,23,22,0,45
2025-04-25T00:34:35,23,22,0,45
2025-04-25T00:42:25,23,22,0,45
2025-04-25T00:50:15,23,22,0,45
2025-04-25T00:58:04,23,22,0,45
2025-04-25T01:05:54,23,22,0,45
2025-04-25T01:13:44,23,22,0,45
2025-04-25T01:21:33,23,22,0,45
2025-04-25T01:29:22,23,22,0,45
2025-04-25T01:37:12,23,22,0,45
2025-04-25T01:45:01,23,22,0,45
2025-04-25T01:52:51,23,22,0,45
2025-04-25T02:00:40,23,22,0,45
2025-04-25T02:08:30,23,22,0,45
2025-04-25T02:16:20,23,22,0,45
2025-04-25T02:24:14,23,22,0,45
2025-04-25T02:32:04,23,22,0,45
2025-04-25T02:39:54,23,22,0,45
2025-04-25T02:47:44,23,22,0,45
2025-04-25T02:55:34,23,22,0,45
2025-04-25T03:03:26,23,22,0,45
2025-04-25T03:11:16,23,22,0,45
2025-04-25T03:19:05,23,22,0,45
2025-04-25T03:26:54,23,22,0,45
2025-04-25T03:34:43,23,22,0,45
2025-04-25T03:42:58,23,22,0,45
2025-04-25T03:50:47,23,22,0,45
2025-04-25T04:00:41,23,22,0,45
2025-04-25T04:08:50,23,22,0,45
2025-04-25T04:16:40,23,22,0,45
2025-04-25T04:36:12,23,22,0,45
2025-04-25T04:44:03,23,22,0,45
2025-04-25T04:51:53,23,22,0,45
2025-04-25T04:59:42,23,22,0,45
2025-04-25T05:07:32,23,22,0,45
2025-04-25T05:15:22,23,22,0,45
2025-04-25T05:23:11,23,22,0,45
2025-04-25T05:31:01,23,22,0,45
2025-04-25T05:38:51,23,22,0,45
2025-04-25T05:46:41,23,22,0,45
2025-04-25T05:54:30,23,22,0,45
2025-04-25T06:02:20,23,22,0,45
2025-04-25T06:10:10,23,22,0,45
2025-04-25T06:17:59,23,22,0,45
2025-04-25T06:25:48,23,22,0,45
2025-04-25T06:33:39,23,22,0,45
2025-04-25T06:41:30,23,22,0,45
2025-04-25T06:49:19,23,22,0,45
2025-04-25T06:57:08,23,22,0,45
2025-04-25T07:04:57,23,22,0,45
2025-04-25T07:12:47,23,22,0,45
2025-04-25T07:20:36,23,22,0,45
2025-04-25T07:28:25,23,22,0,45
2025-04-25T07:36:13,23,22,0,45
2025-04-25T07:44:02,23,22,0,45
2025-04-25T07:51:51,23,22,0,45
2025-04-25T07:59:40,23,22,0,45
2025-04-25T08:07:29,23,22,0,45
2025-04-25T08:15:18,23,22,0,45
2025-04-25T08:23:07,23,22,0,45
2025-04-25T08:30:56,23,22,0,45
2025-04-25T08:38:45,23,22,0,45
2025-04-25T08:46:49,23,22,0,45
2025-04-25T08:54:38,23,22,0,45
2025-04-25T09:02:27,23,22,0,45
2025-04-25T09:10:15,23,22,0,45
2025-04-25T09:18:04,23,22,0,45
2025-04-25T09:25:53,23,22,0,45
2025-04-25T09:33:41,23,22,0,45
2025-04-25T09:41:30,23,22,0,45
2025-04-25T09:49:19,23,22,0,45
2025-04-25T09:57:07,23,22,0,45
2025-04-25T10:04:56,23,22,0,45
2025-04-25T10:12:44,23,22,0,45
2025-04-25T10:20:33,23,22,0,45
2025-04-25T10:28:23,23,22,0,45
2025-04-25T10:36:12,23,22,0,45
2025-04-25T10:44:00,23,22,0,45
2025-04-25T10:51:49,23,22,0,45
2025-04-25T10:59:38,23,22,0,45
2025-04-25T11:07:26,23,22,0,45
2025-04-25T11:15:14,23,22,0,45
2025-04-25T11:23:03,23,22,0,45
2025-04-25T11:31:01,23,22,0,45
2025-04-25T11:38:50,23,22,0,45
2025-04-25T11:46:39,23,22,0,45
2025-04-25T11:54:28,23,22,0,45
2025-04-25T12:02:16,23,22,0,45
2025-04-25T12:10:05,23,22,0,45
2025-04-25T12:17:54,23,22,0,45
2025-04-25T12:25:45,23,22,0,45
2025-04-25T12:33:33,23,22,0,45
2025-04-25T12:41:21,23,22,0,45
2025-04-25T12:49:10,23,22,0,45
2025-04-25T12:56:59,23,22,0,45
2025-04-25T13:04:57,23,22,0,45
2025-04-25T13:12:46,23,22,0,45
2025-04-25T13:20:34,23,22,0,45
2025-04-25T13:28:23,23,22,0,45
2025-04-25T13:36:12,23,22,0,45
2025-04-25T13:44:00,23,22,0,45
2025-04-25T13:51:48,23,22,0,45
2025-04-25T13:59:37,23,22,0,45
2025-04-25T14:07:25,23,22,0,45
2025-04-25T14:15:14,23,22,0,45
2025-04-25T14:23:02,23,22,0,45
2025-04-25T14:30:51,23,22,0,45
2025-04-25T14:38:39,23,22,0,45
2025-04-25T14:46:29,23,22,0,45
2025-04-25T14:54:27,23,22,0,45
2025-04-25T15:02:16,23,22,0,45
2025-04-25T15:10:05,23,22,0,45
2025-04-25T15:17:53,23,22,0,45
2025-04-25T15:25:42,23,22,0,45
2025-04-25T15:33:31,23,22,0,45
2025-04-25T15:41:20,23,22,0,45
2025-04-25T15:49:09,23,22,0,45
2025-04-25T15:56:57,23,22,0,45
2025-04-25T16:04:46,23,22,0,45
2025-04-25T16:12:34,23,22,0,45
2025-04-25T16:20:23,23,22,0,45
2025-04-25T16:28:11,23,22,0,45
2025-04-25T16:36:09,23,22,0,45
2025-04-25T16:43:57,23,22,0,45
2025-04-25T16:51:46,23,22,0,45
2025-04-25T16:59:35,23,22,0,45
2025-04-25T17:07:24,23,22,0,45
2025-04-25T17:15:13,23,22,0,45
2025-04-25T17:23:02,23,22,0,45
2025-04-25T17:30:51,23,22,0,45
2025-04-25T17:38:40,23,22,0,45
2025-04-25T17:46:28,23,22,0,45
2025-04-25T17:54:17,23,22,0,45
2025-04-25T18:02:05,23,22,0,45
2025-04-25T18:09:54,23,22,0,45
2025-04-25T18:17:43,23,22,0,45
2025-04-25T18:25:31,23,22,0,45
2025-04-25T18:33:21,23,22,0,45
2025-04-25T18:41:09,23,22,0,45
2025-04-25T18:49:15,23,22,0,45
2025-04-25T18:57:03,23,22,0,45
2025-04-25T19:04:53,23,22,0,45
2025-04-25T19:12:41,23,22,0,45
2025-04-25T19:20:29,23,22,0,45
2025-04-25T19:28:18,23,22,0,45
2025-04-25T19:36:06,23,22,0,45
2025-04-25T19:43:54,23,22,0,45
2025-04-25T19:51:43,23,22,0,45
2025-04-25T19:59:31,23,22,0,45
2025-04-25T20:07:20,23,22,0,45
2025-04-25T20:15:08,23,22,0,45
2025-04-25T20:22:57,23,22,0,45
2025-04-25T20:30:45,23,22,0,45
2025-04-25T20:38:34,23,22,0,45
2025-04-25T20:46:22,23,22,0,45
2025-04-25T20:54:11,23,22,0,45
2025-04-25T21:01:59,23,22,0,45
2025-04-25T21:09:57,23,22,0,45
2025-04-25T21:17:46,23,22,0,45
2025-04-25T21:25:34,23,22,0,45
2025-04-25T21:33:22,23,22,0,45
2025-04-25T21:41:11,23,22,0,45
2025-04-25T21:48:59,23,22,0,45
2025-04-25T21:56:48,23,22,0,45
2025-04-25T22:04:37,23,22,0,45
2025-04-25T22:12:25,23,22,0,45
2025-04-25T22:20:13,23,22,0,45
2025-04-25T22:28:02,23,22,0,45
2025-04-25T22:35:50,23,22,0,45
2025-04-25T22:43:39,23,22,0,45
2025-04-25T22:51:27,23,22,0,45
2025-04-25T22:59:18,23,22,0,45
2025-04-25T23:07:07,23,22,0,45
2025-04-25T23:14:55,23,22,0,45
2025-04-25T23:22:44,23,22,0,45
2025-04-25T23:30:33,23,22,0,45
2025-04-25T23:38:21,23,22,0,45
2025-04-25T23:46:09,23,22,0,45
2025-04-25T23:54:07,23,22,0,45
2025-04-26T00:02:03,23,22,0,45
2025-04-26T00:10:07,23,22,0,45
2025-04-26T00:18:13,23,22,0,45
2025-04-26T00:26:14,23,22,0,45
2025-04-26T00:34:17,23,22,0,45
2025-04-26T00:42:20,23,22,0,45
2025-04-26T00:50:12,23,22,0,45
2025-04-26T00:58:02,23,22,0,45
2025-04-26T01:05:53,23,22,0,45
2025-04-26T01:13:42,23,22,0,45
2025-04-26T01:21:31,23,22,0,45
2025-04-26T01:29:21,23,22,0,45
2025-04-26T01:37:10,23,22,0,45
2025-04-26T01:45:00,23,22,0,45
2025-04-26T01:52:49,23,22,0,45
2025-04-26T02:00:38,23,22,0,45
2025-04-26T02:08:28,23,22,0,45
2025-04-26T02:16:17,23,22,0,45
2025-04-26T02:24:05,23,22,0,45
2025-04-26T02:31:54,23,22,0,45
2025-04-26T02:39:42,23,22,0,45
2025-04-26T02:47:31,23,22,0,45
2025-04-26T02:55:20,23,22,0,45
2025-04-26T03:03:09,23,22,0,45
2025-04-26T03:10:57,23,22,0,45
2025-04-26T03:18:46,23,22,0,45
2025-04-26T03:26:35,23,22,0,45
2025-04-26T03:34:24,23,22,0,45
2025-04-26T03:42:12,23,22,0,45
2025-04-26T03:50:11,23,22,0,45
2025-04-26T03:58:00,23,22,0,45
2025-04-26T04:05:50,23,22,0,45
2025-04-27T12:45:37,23,22,0,45
2025-04-27T12:53:25,23,22,0,45
2025-04-27T13:01:14,23,22,0,45
2025-04-27T13:09:02,23,22,0,45
2025-04-27T13:16:51,23,22,0,45
2025-04-27T13:24:40,23,22,0,45
2025-04-27T13:32:29,23,22,0,45
2025-04-27T13:40:17,23,22,0,45
2025-04-27T13:48:06,23,22,0,45
2025-04-27T13:55:55,23,22,0,45
2025-04-27T14:03:43,23,22,0,45
2025-04-27T14:11:32,23,22,0,45
2025-04-27T14:19:21,23,22,0,45
2025-04-27T14:27:09,23,22,0,45
2025-04-27T14:34:58,23,22,0,45
2025-04-27T14:42:46,23,22,0,45
2025-04-27T14:50:35,23,22,0,45
2025-04-27T14:58:23,23,22,0,45
2025-04-27T15:06:12,23,22,0,45
2025-04-27T15:14:01,23,22,0,45
2025-04-27T15:21:50,23,22,0,45
2025-04-27T15:29:39,23,22,0,45
2025-04-27T15:37:36,23,22,0,45
2025-04-27T15:45:26,23,22,0,45
2025-04-27T15:53:15,23,22,0,45
2025-04-27T16:01:03,23,22,0,45
2025-04-27T16:08:52,23,22,0,45
2025-04-27T16:16:41,23,22,0,45
2025-04-27T16:24:29,23,22,0,45
2025-04-27T16:32:18,23,22,0,45
2025-04-27T16:40:07,23,22,0,45
2025-04-27T16:47:55,23,22,0,45
2025-04-27T16:55:44,23,22,0,45
2025-04-27T17:03:32,23,22,0,45
2025-04-27T17:11:21,23,22,0,45
2025-04-27T17:19:10,23,22,0,45
2025-04-27T17:26:59,23,22,0,45
2025-04-27T17:34:48,23,22,0,45
2025-04-27T17:42:36,23,22,0,45
2025-04-27T17:50:25,23,22,0,45
2025-04-27T17:58:14,23,22,0,45
2025-04-27T18:06:03,23,22,0,45
2025-04-27T18:13:52,23,22,0,45
2025-04-27T18:21:41,23,22,0,45
2025-04-27T18:29:29,23,22,0,45
2025-04-27T18:37:18,23,22,0,45
2025-04-27T18:45:06,23,22,0,45
2025-04-27T18:53:06,23,22,0,45
2025-04-27T19:00:54,23,22,0,45
2025-04-27T19:08:43,23,22,0,45
2025-04-27T19:16:32,23,22,0,45
2025-04-27T19:24:20,23,22,0,45
2025-04-27T19:32:09,23,22,0,45
2025-04-27T19:39:58,23,22,0,45
2025-04-27T19:47:46,23,22,0,45
2025-04-27T19:55:35,23,22,0,45
2025-04-27T20:03:24,23,22,0,45
2025-04-27T20:11:12,23,22,0,45
2025-04-27T20:19:01,23,22,0,45
2025-04-27T20:26:49,23,22,0,45
2025-04-27T20:34:38,23,22,0,45
2025-04-27T20:42:27,23,22,0,45
2025-04-27T20:50:15,23,22,0,45
2025-04-27T20:58:04,23,22,0,45
2025-04-27T21:05:53,23,22,0,45
2025-04-27T21:13:41,23,22,0,45
2025-04-27T21:21:30,23,22,0,45
2025-04-27T21:29:19,23,22,0,45
2025-04-27T21:37:08,23,22,0,45
2025-04-27T21:45:06,23,22,0,45
2025-04-27T21:52:55,23,22,0,45
2025-04-27T22:00:43,23,22,0,45
2025-04-27T22:08:32,23,22,0,45
2025-04-27T22:16:20,23,22,0,45
2025-04-27T22:24:09,23,22,0,45
2025-04-27T22:31:59,23,22,0,45
2025-04-27T22:39:47,23,22,0,45
2025-04-27T22:47:36,23,22,0,45
2025-04-27T22:55:25,23,22,0,45
2025-04-27T23:03:14,23,22,0,45
2025-04-27T23:11:03,23,22,0,45
2025-04-27T23:18:52,23,22,0,45
2025-04-27T23:26:41,23,22,0,45
2025-04-27T23:34:30,23,22,0,45
2025-04-27T23:42:19,23,22,0,45
2025-04-27T23:50:07,23,22,0,45
2025-04-27T23:57:59,23,22,0,45
2025-04-28T00:05:54,23,22,0,45
2025-04-28T00:13:52,23,22,0,45
2025-04-28T00:21:41,23,22,0,45
2025-04-28T00:29:31,23,22,0,45
2025-04-28T00:37:30,23,22,0,45
2025-04-28T00:45:19,23,22,0,45
2025-04-28T00:53:10,23,22,0,45
2025-04-28T01:00:59,23,22,0,45
2025-04-28T01:08:49,23,22,0,45
2025-04-28T01:16:39,23,22,0,45
2025-04-28T01:24:29,23,22,0,45
2025-04-28T01:32:19,23,22,0,45
2025-04-28T01:40:08,23,22,0,45
2025-04-28T01:47:58,23,22,0,45
2025-04-28T01:55:47,23,22,0,45
2025-04-28T02:03:35,23,22,0,45
2025-04-28T02:11:25,23,22,0,45
2025-04-28T02:19:26,23,22,0,45
2025-04-28T02:27:24,23,22,0,45
2025-04-28T02:35:14,23,22,0,45
2025-04-28T02:43:03,23,22,0,45
2025-04-28T02:50:51,23,22,0,45
2025-04-28T02:58:40,23,22,0,45
2025-04-28T03:06:30,23,22,0,45
2025-04-28T03:14:19,23,22,0,45
2025-04-28T03:22:08,23,22,0,45
2025-04-28T03:29:57,23,22,0,45
2025-04-28T03:37:46,23,22,0,45
2025-04-28T03:45:36,23,22,0,45
2025-04-28T03:53:26,23,22,0,45
2025-04-28T04:01:16,23,22,0,45
2025-04-28T04:09:06,23,22,0,45
2025-04-28T04:16:55,23,22,0,45
2025-04-28T04:36:41,23,22,0,45
2025-04-28T04:44:33,23,22,0,45
2025-04-28T04:52:23,23,22,0,45
2025-04-28T05:00:13,23,22,0,45
2025-04-28T05:08:03,23,22,0,45
2025-04-28T05:15:53,23,22,0,45
2025-04-28T05:23:42,23,22,0,45
2025-04-28T05:31:32,23,22,0,45
2025-04-28T05:39:21,23,22,0,45
2025-04-28T05:47:11,23,22,0,45
2025-04-28T05:55:01,23,22,0,45
2025-04-28T06:02:51,23,22,0,45
2025-04-28T06:10:41,23,22,0,45
2025-04-28T06:18:30,23,22,0,45
2025-04-28T06:26:20,23,22,0,45
2025-04-28T06:34:09,23,22,0,45
2025-04-28T06:41:59,23,22,0,45
2025-04-28T06:49:49,23,22,0,45
2025-04-28T06:57:38,23,22,0,45
2025-04-28T07:05:30,23,22,0,45
2025-04-28T07:13:19,23,22,0,45
2025-04-28T07:21:09,23,22,0,45
2025-04-28T07:28:58,23,22,0,45
2025-04-28T07:36:47,23,22,0,45
2025-04-28T07:44:36,23,22,0,45
2025-04-28T07:52:25,23,22,0,45
2025-04-28T08:00:14,23,22,0,45
2025-04-28T08:08:03,23,22,0,45
2025-04-28T08:15:52,23,22,0,45
2025-04-28T08:23:41,23,22,0,45
2025-04-28T08:31:30,23,22,0,45
2025-04-28T08:39:22,23,22,0,45
2025-04-28T08:47:10,23,22,0,45
2025-04-28T08:54:59,23,22,0,45
2025-04-28T09:02:57,23,22,0,45
2025-04-28T09:10:46,23,22,0,45
2025-04-28T09:18:34,23,22,0,45
2025-04-28T09:26:23,23,22,0,45
2025-04-28T09:34:12,23,22,0,45
2025-04-28T09:42:00,23,22,0,45
2025-04-28T09:49:50,23,22,0,45
2025-04-28T09:57:38,23,22,0,45
2025-04-28T10:05:27,23,22,0,45
2025-04-28T10:13:16,23,22,0,45
2025-04-28T10:21:05,23,22,0,45
2025-04-28T10:28:54,23,22,0,45
2025-04-28T10:36:42,23,22,0,45
2025-04-28T10:44:31,23,22,0,45
2025-04-28T10:52:20,23,22,0,45
2025-04-28T11:00:09,23,22,0,45
2025-04-28T11:07:58,23,22,0,45
2025-04-28T11:15:46,23,22,0,45
2025-04-28T11:23:35,23,22,0,45
2025-04-28T11:31:34,23,22,0,45
2025-04-28T11:39:23,23,22,0,45
2025-04-28T11:47:11,23,22,0,45
2025-04-28T11:55:00,23,22,0,45
2025-04-28T12:02:48,23,22,0,45
2025-04-28T12:10:37,23,22,0,45
2025-04-28T12:18:25,23,22,0,45
2025-04-28T12:26:14,23,22,0,45
2025-04-28T12:34:02,23,22,0,45
2025-04-28T12:41:53,23,22,0,45
2025-04-28T12:49:41,23,22,0,45
2025-04-28T12:57:30,23,22,0,45
2025-04-28T13:05:20,23,22,0,45
2025-04-28T13:13:20,23,22,0,45
2025-04-28T13:21:09,23,22,0,45
2025-04-28T13:28:57,23,22,0,45
2025-04-28T13:36:46,23,22,0,45
2025-04-28T13:44:34,23,22,0,45
2025-04-28T13:52:25,23,22,0,45
2025-04-28T14:00:25,23,22,0,45
2025-04-28T14:08:24,23,22,0,45
2025-04-28T14:16:23,23,22,0,45
2025-04-28T14:24:23,23,22,0,45
2025-04-28T14:32:16,23,22,0,45
2025-04-28T14:40:04,23,22,0,45
2025-04-28T14:47:53,23,22,0,45
2025-04-28T14:55:41,23,22,0,45
2025-04-28T15:03:30,23,22,0,45
2025-04-28T15:11:29,23,22,0,45
2025-04-28T15:19:17,23,22,0,45
2025-04-28T15:27:06,23,22,0,45
2025-04-28T15:34:54,23,22,0,45
2025-04-28T15:42:43,23,22,0,45
2025-04-28T15:50:32,23,22,0,45
2025-04-28T15:58:20,23,22,0,45
2025-04-28T16:06:09,23,22,0,45
2025-04-28T16:13:58,23,22,0,45
2025-04-28T16:21:47,23,22,0,45
2025-04-28T16:29:35,23,22,0,45
2025-04-28T16:37:24,23,22,0,45
2025-04-28T16:45:13,23,22,0,45
2025-04-28T16:53:11,23,22,0,45
2025-04-28T17:01:00,23,22,0,45
2025-04-28T17:08:48,23,22,0,45
2025-04-28T17:16:37,23,22,0,45
2025-04-28T17:24:26,23,22,0,45
2025-04-28T17:32:14,23,22,0,45
2025-04-28T17:40:03,23,22,0,45
2025-04-28T17:47:52,23,22,0,45
2025-04-28T17:55:41,23,22,0,45
2025-04-28T18:03:30,23,22,0,45
2025-04-28T18:11:19,23,22,0,45
2025-04-28T18:19:07,23,22,0,45
2025-04-28T18:26:56,23,22,0,45
2025-04-28T18:34:44,23,22,0,45
2025-04-28T18:42:33,23,22,0,45
2025-04-28T18:50:31,23,22,0,45
2025-04-28T18:58:20,23,22,0,45
2025-04-28T19:06:09,23,22,0,45
2025-04-28T19:13:57,23,22,0,45
2025-04-28T19:21:46,23,22,0,45
2025-04-28T19:29:34,23,22,0,45
2025-04-28T19:37:23,23,22,0,45
2025-04-28T19:45:11,23,22,0,45
2025-04-28T19:53:00,23,22,0,45
2025-04-28T20:00:49,23,22,0,45
2025-04-28T20:08:37,23,22,0,45
2025-04-28T20:16:26,23,22,0,45
2025-04-28T20:24:15,23,22,0,45
2025-04-28T20:32:03,23,22,0,45
2025-04-28T20:39:52,23,22,0,45
2025-04-28T20:47:41,23,22,0,45
2025-04-28T20:55:29,23,22,0,45
2025-04-28T21:03:18,23,22,0,45
2025-04-28T21:11:07,23,22,0,45
2025-04-28T21:18:55,23,22,0,45
2025-04-28T21:26:44,23,22,0,45
2025-04-28T21:34:41,23,22,0,45
2025-04-28T21:42:30,23,22,0,45
2025-04-28T21:50:18,23,22,0,45
2025-04-28T21:58:07,23,22,0,45
2025-04-28T22:05:55,23,22,0,45
2025-04-28T22:13:44,23,22,0,45
2025-04-28T22:21:33,23,22,0,45
2025-04-28T22:29:21,23,22,0,45
2025-04-28T22:37:10,23,22,0,45
2025-04-28T22:45:00,23,22,0,45
2025-04-28T22:52:49,23,22,0,45
2025-04-28T23:00:38,23,22,0,45
2025-04-28T23:08:26,23,22,0,45
2025-04-28T23:16:15,23,22,0,45
2025-04-28T23:24:03,23,22,0,45
2025-04-28T23:31:52,23,22,0,45
2025-04-28T23:39:41,23,22,0,45
2025-04-28T23:47:29,23,22,0,45
2025-04-28T23:55:19,23,22,0,45
2025-04-29T00:03:08,23,22,0,45
2025-04-29T00:10:57,23,22,0,45
2025-04-29T00:18:48,23,22,0,45
2025-04-29T00:26:46,23,22,0,45
2025-04-29T00:34:36,23,22,0,45
2025-04-29T00:42:26,23,22,0,45
2025-04-29T00:50:15,23,22,0,45
2025-04-29T00:58:05,23,22,0,45
2025-04-29T01:05:55,23,22,0,45
2025-04-29T01:13:44,23,22,0,45
2025-04-29T01:21:33,23,22,0,45
2025-04-29T01:29:23,23,22,0,45
2025-04-29T01:37:12,23,22,0,45
2025-04-29T01:45:02,23,22,0,45
2025-04-29T01:52:52,23,22,0,45
2025-04-29T02:00:41,23,22,0,45
2025-04-29T02:08:30,23,22,0,45
2025-04-29T02:16:19,23,22,0,45
2025-04-29T02:24:08,23,22,0,45
2025-04-29T02:31:57,23,22,0,45
2025-04-29T02:39:47,23,22,0,45
2025-04-29T02:47:37,23,22,0,45
2025-04-29T02:55:42,23,22,0,45
2025-04-29T03:03:32,23,22,0,45
2025-04-29T03:11:21,23,22,0,45
2025-04-29T03:19:10,23,22,0,45
2025-04-29T03:26:59,23,22,0,45
2025-04-29T03:34:48,23,22,0,45
2025-04-29T03:42:37,23,22,0,45
2025-04-29T03:50:27,23,22,0,45
2025-04-29T03:58:16,23,22,0,45
2025-04-29T04:06:06,23,22,0,45
2025-04-29T04:13:57,23,22,0,45
2025-04-29T04:32:35,23,22,0,45
2025-04-29T04:40:26,23,22,0,45
2025-04-29T04:48:16,23,22,0,45
2025-04-29T04:56:05,23,22,0,45
2025-04-29T05:03:54,23,22,0,45
2025-04-29T05:11:44,23,22,0,45
2025-04-29T05:19:33,23,22,0,45
2025-04-29T05:27:23,23,22,0,45
2025-04-29T05:35:13,23,22,0,45
2025-04-29T05:43:02,23,22,0,45
2025-04-29T05:50:52,23,22,0,45
2025-04-29T05:58:42,23,22,0,45
2025-04-29T06:06:31,23,22,0,45
2025-04-29T06:14:21,23,22,0,45
2025-04-29T06:22:11,23,22,0,45
2025-04-29T06:30:00,23,22,0,45
2025-04-29T06:37:53,23,22,0,45
2025-04-29T06:45:42,23,22,0,45
2025-04-29T06:53:31,23,22,0,45
2025-04-29T07:01:20,23,22,0,45
2025-04-29T07:09:10,23,22,0,45
2025-04-29T07:16:59,23,22,0,45
2025-04-29T07:24:50,23,22,0,45
2025-04-29T07:32:39,23,22,0,45
2025-04-29T07:40:28,23,22,0,45
2025-04-29T07:48:17,23,22,0,45
2025-04-29T07:56:06,23,22,0,45
2025-04-29T08:03:55,23,22,0,45
2025-04-29T08:11:43,23,22,0,45
2025-04-29T08:19:32,23,22,0,45
2025-04-29T08:27:20,23,22,0,45
2025-04-29T08:35:09,23,22,0,45
2025-04-29T08:42:58,23,22,0,45
2025-04-29T08:50:47,23,22,0,45
2025-04-29T08:58:36,23,22,0,45
2025-04-29T09:06:34,23,22,0,45
2025-04-29T09:14:22,23,22,0,45
2025-04-29T09:22:12,23,22,0,45
2025-04-29T09:30:01,23,22,0,45
2025-04-29T09:37:49,23,22,0,45
2025-04-29T09:45:38,23,22,0,45
2025-04-29T09:53:26,23,22,0,45
2025-04-29T10:01:15,23,22,0,45
2025-04-29T10:09:03,23,22,0,45
2025-04-29T10:16:52,23,22,0,45
2025-04-29T10:24:40,23,22,0,45
2025-04-29T10:32:29,23,22,0,45
2025-04-29T10:40:17,23,22,0,45
2025-04-29T10:48:05,23,22,0,45
2025-04-29T10:55:54,23,22,0,45
2025-04-29T11:03:42,23,22,0,45
2025-04-29T11:11:31,23,22,0,45
2025-04-29T11:19:19,23,22,0,45
2025-04-29T11:27:20,23,22,0,45
2025-04-29T11:35:08,23,22,0,45
2025-04-29T11:42:56,23,22,0,45
2025-04-29T11:50:45,23,22,0,45
2025-04-29T11:58:34,23,22,0,45
2025-04-29T12:06:22,23,22,0,45
2025-04-29T12:14:10,23,22,0,45
2025-04-29T12:22:01,23,22,0,45
2025-04-29T12:29:49,23,22,0,45
2025-04-29T12:37:38,23,22,0,45
2025-04-29T12:45:36,23,22,0,45
2025-04-29T12:53:25,23,22,0,45
2025-04-29T13:01:13,23,22,0,45
2025-04-29T13:09:01,23,22,0,45
2025-04-29T13:16:51,23,22,0,45
2025-04-29T13:24:40,23,22,0,45
2025-04-29T13:32:28,23,22,0,45
2025-04-29T13:40:17,23,22,0,45
2025-04-29T13:48:05,23,22,0,45
2025-04-29T13:55:54,23,22,0,45
2025-04-29T14:03:42,23,22,0,45
2025-04-29T14:11:31,23,22,0,45
2025-04-29T14:19:19,23,22,0,45
2025-04-29T14:27:08,23,22,0,45
2025-04-29T14:34:56,23,22,0,45
2025-04-29T14:42:44,23,22,0,45
2025-04-29T14:50:44,23,22,0,45
2025-04-29T14:58:32,23,22,0,45
2025-04-29T15:06:21,23,22,0,45
2025-04-29T15:14:10,23,22,0,45
2025-04-29T15:21:59,23,22,0,45
2025-04-29T15:29:48,23,22,0,45
2025-04-29T15:37:36,24,21,0,45
2025-04-29T15:45:25,24,21,0,45
2025-04-29T15:53:13,24,21,0,45
2025-04-29T16:01:02,24,21,0,45
2025-04-29T16:08:51,24,21,0,45
2025-04-29T16:16:39,24,21,0,45
2025-04-29T16:24:28,24,21,0,45
2025-04-29T16:32:26,24,21,0,45
2025-04-29T16:40:15,24,21,0,45
2025-04-29T16:48:03,24,21,0,45
2025-04-29T16:55:52,24,21,0,45
2025-04-29T17:03:40,24,21,0,45
2025-04-29T17:11:29,24,21,0,45
2025-04-29T17:19:18,24,21,0,45
2025-04-29T17:27:06,24,21,0,45
2025-04-29T17:34:55,24,21,0,45
2025-04-29T17:42:43,24,21,0,45
2025-04-29T17:50:32,24,21,0,45
2025-04-29T17:58:20,24,21,0,45
2025-04-29T18:06:10,24,21,0,45
2025-04-29T18:13:58,24,21,0,45
2025-04-29T18:21:46,24,21,0,45
2025-04-29T18:29:45,24,21,0,45
2025-04-29T18:37:33,24,21,0,45
2025-04-29T18:45:22,24,21,0,45
2025-04-29T18:53:10,24,21,0,45
2025-04-29T19:00:58,24,21,0,45
2025-04-29T19:08:51,24,21,0,45
2025-04-29T19:16:51,24,21,0,45
2025-04-29T19:24:46,24,21,0,45
2025-04-29T19:33:05,24,21,0,45
2025-04-29T19:40:59,24,21,0,45
2025-04-29T19:49:05,24,21,0,45
2025-04-29T19:57:08,24,21,0,45
2025-04-29T20:05:18,24,21,0,45
2025-04-29T20:13:07,24,21,0,45
2025-04-29T20:20:56,24,21,0,45
2025-04-29T20:28:44,24,21,0,45
2025-04-29T20:36:33,24,21,0,45
2025-04-29T20:44:21,24,21,0,45
2025-04-29T20:52:10,24,21,0,45
2025-04-29T21:00:09,24,21,0,45
2025-04-29T21:07:57,24,21,0,45
2025-04-29T21:15:46,24,21,0,45
2025-04-29T21:23:34,24,21,0,45
2025-04-29T21:31:22,24,21,0,45
2025-04-29T21:39:11,24,21,0,45
2025-04-29T21:46:59,24,21,0,45
2025-04-29T21:54:48,24,21,0,45
2025-04-29T22:02:36,24,21,0,45
2025-04-29T22:10:24,24,21,0,45
2025-04-29T22:18:13,24,21,0,45
2025-04-29T22:26:02,24,21,0,45
2025-04-29T22:33:50,24,21,0,45
2025-04-29T22:41:40,24,21,0,45
2025-04-29T22:49:28,24,21,0,45
2025-04-29T22:57:17,24,21,0,45
2025-04-29T23:05:07,24,21,0,45
2025-04-29T23:12:55,24,21,0,45
2025-04-29T23:20:44,24,21,0,45
2025-04-29T23:28:33,24,21,0,45
2025-04-29T23:36:21,24,21,0,45
2025-04-29T23:44:11,24,21,0,45
2025-04-29T23:52:08,24,21,0,45
2025-04-29T23:59:57,24,21,0,45
2025-04-30T00:07:50,24,21,0,45
2025-04-30T00:15:44,24,21,0,45
2025-04-30T00:23:32,24,21,0,45
2025-04-30T00:31:21,24,21,0,45
2025-04-30T00:39:11,24,21,0,45
2025-04-30T00:47:02,24,21,0,45
2025-04-30T00:54:51,24,21,0,45
2025-04-30T01:02:40,24,21,0,45
2025-04-30T01:10:30,24,21,0,45
2025-04-30T01:18:20,24,21,0,45
2025-04-30T01:26:09,24,21,0,45
2025-04-30T01:33:59,24,21,0,45
2025-04-30T01:41:48,24,21,0,45
2025-04-30T01:49:37,24,21,0,45
2025-04-30T01:57:27,24,21,0,45
2025-04-30T02:05:17,24,21,0,45
2025-04-30T02:13:06,24,21,0,45
2025-04-30T02:20:56,24,21,0,45
2025-04-30T02:28:45,24,21,0,45
2025-04-30T02:36:35,24,21,0,45
2025-04-30T02:44:24,24,21,0,45
2025-04-30T02:52:13,24,21,0,45
2025-04-30T03:00:02,24,21,0,45
2025-04-30T03:07:52,24,21,0,45
2025-04-30T03:15:41,24,21,0,45
2025-04-30T03:23:30,24,21,0,45
2025-04-30T03:31:19,24,21,0,45
2025-04-30T03:39:08,24,21,0,45
2025-04-30T03:47:04,24,21,0,45
2025-04-30T03:55:15,24,21,0,45
2025-04-30T04:03:05,24,21,0,45
2025-04-30T04:26:08,24,21,0,45
2025-04-30T04:33:58,24,21,0,45
2025-04-30T04:41:48,24,21,0,45
2025-04-30T04:49:38,24,21,0,45
2025-04-30T04:57:27,24,21,0,45
2025-04-30T05:05:16,24,21,0,45
2025-04-30T05:13:06,24,21,0,45
2025-04-30T05:20:55,24,21,0,45
2025-04-30T05:28:44,24,21,0,45
2025-04-30T05:36:33,24,21,0,45
2025-04-30T05:44:23,24,21,0,45
2025-04-30T05:52:13,24,21,0,45
2025-04-30T06:00:02,24,21,0,45
2025-04-30T06:07:52,24,21,0,45
2025-04-30T06:15:42,24,21,0,45
2025-04-30T06:23:31,24,21,0,45
2025-04-30T06:31:21,24,21,0,45
2025-04-30T06:39:12,24,21,0,45
2025-04-30T06:47:02,24,21,0,45
2025-04-30T06:54:51,24,21,0,45
2025-04-30T07:02:40,24,21,0,45
2025-04-30T07:10:30,24,21,0,45
2025-04-30T07:18:19,24,21,0,45
2025-04-30T07:26:09,24,21,0,45
2025-04-30T07:34:00,24,21,0,45
2025-04-30T07:41:49,24,21,0,45
2025-04-30T07:49:37,24,21,0,45
2025-04-30T07:57:26,24,21,0,45
2025-04-30T08:05:15,24,21,0,45
2025-04-30T08:13:04,24,21,0,45
2025-04-30T08:20:53,24,21,0,45
2025-04-30T08:28:41,24,21,0,45
2025-04-30T08:36:30,24,21,0,45
2025-04-30T08:44:18,24,21,0,45
2025-04-30T08:52:07,24,21,0,45
2025-04-30T08:59:56,24,21,0,45
2025-04-30T09:07:54,24,21,0,45
2025-04-30T09:15:43,24,21,0,45
2025-04-30T09:23:32,24,21,0,45
2025-04-30T09:31:21,24,21,0,45
2025-04-30T09:39:09,24,21,0,45
2025-04-30T09:46:58,24,21,0,45
2025-04-30T09:54:46,24,21,0,45
2025-04-30T10:02:35,24,21,0,45
2025-04-30T10:10:24,24,21,0,45
2025-04-30T10:18:13,24,21,0,45
2025-04-30T10:26:01,24,21,0,45
2025-04-30T10:33:50,24,21,0,45
2025-04-30T10:41:38,24,21,0,45
2025-04-30T10:49:27,24,21,0,45
2025-04-30T10:57:15,24,21,0,45
2025-04-30T11:05:03,24,21,0,45
2025-04-30T11:12:52,24,21,0,45
2025-04-30T11:20:41,24,21,0,45
2025-04-30T11:28:29,24,21,0,45
2025-04-30T11:36:28,24,21,0,45
2025-04-30T11:44:17,24,21,0,45
2025-04-30T11:52:05,24,21,0,45
2025-04-30T11:59:53,24,21,0,45
2025-04-30T12:07:43,24,21,0,45
2025-04-30T12:15:32,24,21,0,45
2025-04-30T12:23:22,24,21,0,45
2025-04-30T12:31:10,24,21,0,45
2025-04-30T12:38:58,24,21,0,45
2025-04-30T12:46:47,24,21,0,45
2025-04-30T12:54:35,24,21,0,45
2025-04-30T13:02:24,24,21,0,45
2025-04-30T13:10:12,24,21,0,45
2025-04-30T13:18:01,24,21,0,45
2025-04-30T13:25:59,24,21,0,45
2025-04-30T13:33:47,24,21,0,45
2025-04-30T13:41:36,24,21,0,45
2025-04-30T13:49:24,24,21,0,45
2025-04-30T13:57:13,24,21,0,45
2025-04-30T14:05:01,24,21,0,45
2025-04-30T14:12:50,24,21,0,45
2025-04-30T14:20:38,24,21,0,45
2025-04-30T14:28:27,24,21,0,45
2025-04-30T14:36:15,24,21,0,45
2025-04-30T14:44:04,24,21,0,45
2025-04-30T14:51:52,24,21,0,45
2025-04-30T14:59:40,24,21,0,45
2025-04-30T15:07:29,24,21,0,45
2025-04-30T15:15:17,24,21,0,45
2025-04-30T15:23:06,24,21,0,45
2025-04-30T15:31:05,24,21,0,45
2025-04-30T15:38:53,24,21,0,45
2025-04-30T15:46:42,24,21,0,45
2025-04-30T15:54:30,24,21,0,45
2025-04-30T16:02:18,24,21,0,45
2025-04-30T16:10:07,24,21,0,45
2025-04-30T16:17:55,24,21,0,45
2025-04-30T16:25:44,24,21,0,45
2025-04-30T16:33:33,24,21,0,45
2025-04-30T16:41:24,24,21,0,45
2025-04-30T16:49:14,24,21,0,45
2025-04-30T16:57:06,24,21,0,45
2025-04-30T17:04:58,24,21,0,45
2025-04-30T17:12:59,24,21,0,45
2025-04-30T17:20:51,24,21,0,45
2025-04-30T17:28:42,24,21,0,45
2025-04-30T17:36:34,24,21,0,45
2025-04-30T17:44:25,24,21,0,45
2025-04-30T17:52:17,24,21,0,45
2025-04-30T18:00:09,24,21,0,45
2025-04-30T18:08:00,24,21,0,45
2025-04-30T18:15:52,24,21,0,45
2025-04-30T18:23:44,24,21,0,45
2025-04-30T18:31:35,24,21,0,45
2025-04-30T18:39:27,24,21,0,45
2025-04-30T18:47:19,24,21,0,45
2025-04-30T18:55:10,24,21,0,45
2025-04-30T19:03:02,24,21,0,45
2025-04-30T19:11:03,24,21,0,45
2025-04-30T19:18:55,24,21,0,45
2025-04-30T19:26:46,24,21,0,45
2025-04-30T19:34:38,24,21,0,45
2025-04-30T19:42:33,24,21,0,45
2025-04-30T19:50:25,24,21,0,45
2025-04-30T19:58:16,24,21,0,45
2025-04-30T20:06:08,24,21,0,45
2025-04-30T20:13:59,24,21,0,45
2025-04-30T20:21:51,24,21,0,45
2025-04-30T20:29:42,24,21,0,45
2025-04-30T20:37:34,24,21,0,45
2025-04-30T20:45:26,24,21,0,45
2025-04-30T20:53:17,24,21,0,45
2025-04-30T21:01:09,24,21,0,45
2025-04-30T21:09:00,24,21,0,45
2025-04-30T21:16:52,24,21,0,45
2025-04-30T21:24:44,24,21,0,45
2025-04-30T21:32:35,24,21,0,45
2025-04-30T21:40:27,24,21,0,45
2025-04-30T21:48:18,24,21,0,45
2025-04-30T21:56:21,24,21,0,45
2025-04-30T22:04:13,24,21,0,45
2025-04-30T22:12:04,24,21,0,45
2025-04-30T22:19:56,24,21,0,45
2025-04-30T22:27:47,24,21,0,45
2025-04-30T22:35:39,24,21,0,45
2025-04-30T22:43:31,24,21,0,45
2025-04-30T22:51:24,24,21,0,45
2025-04-30T22:59:16,24,21,0,45
2025-04-30T23:07:08,24,21,0,45
2025-04-30T23:15:01,24,21,0,45
2025-04-30T23:22:53,24,21,0,45
2025-04-30T23:30:45,24,21,0,45
2025-04-30T23:38:37,24,21,0,45
2025-04-30T23:46:29,24,21,0,45
2025-04-30T23:54:22,24,21,0,45
2025-05-01T00:02:20,24,21,0,45
2025-05-01T00:10:19,24,21,0,45
2025-05-01T00:18:22,24,21,0,45
2025-05-01T00:26:24,24,21,0,45
2025-05-01T00:34:25,24,21,0,45
2025-05-01T00:42:29,24,21,0,45
2025-05-01T00:50:23,24,21,0,45
2025-05-01T00:58:16,24,21,0,45
2025-05-01T01:06:09,24,21,0,45
2025-05-01T01:14:10,24,21,0,45
2025-05-01T01:22:03,24,21,0,45
2025-05-01T01:29:55,24,21,0,45
2025-05-01T01:37:48,24,21,0,45
2025-05-01T01:45:44,24,21,0,45
2025-05-01T01:53:37,24,21,0,45
2025-05-01T02:01:29,24,21,0,45
2025-05-01T02:09:21,24,21,0,45
2025-05-01T02:17:13,24,21,0,45
2025-05-01T02:25:05,24,21,0,45
2025-05-01T02:32:57,24,21,0,45
2025-05-01T02:40:50,24,21,0,45
2025-05-01T02:48:43,24,21,0,45
2025-05-01T02:56:35,24,21,0,45
2025-05-01T03:04:41,24,21,0,45
2025-05-01T03:12:34,24,21,0,45
2025-05-01T03:20:27,24,21,0,45
2025-05-01T03:28:19,24,21,0,45
2025-05-01T03:36:10,24,21,0,45
2025-05-01T03:44:02,24,21,0,45
2025-05-01T03:51:54,24,21,0,45
2025-05-01T04:01:40,24,21,0,45
2025-05-01T04:09:52,24,21,0,45
2025-05-01T04:17:46,24,21,0,45
2025-05-01T04:37:55,24,21,0,45
2025-05-01T04:45:48,24,21,0,45
2025-05-01T04:53:40,24,21,0,45
2025-05-01T05:01:32,24,21,0,45
2025-05-01T05:09:24,24,21,0,45
2025-05-01T05:17:16,24,21,0,45
2025-05-01T05:25:08,24,21,0,45
2025-05-01T05:33:01,24,21,0,45
2025-05-01T05:40:55,24,21,0,45
2025-05-01T05:48:48,24,21,0,45
2025-05-01T05:56:40,24,21,0,45
2025-05-01T06:04:32,24,21,0,45
2025-05-01T06:12:24,24,21,0,45
2025-05-01T06:20:18,24,21,0,45
2025-05-01T06:28:11,24,21,0,45
2025-05-01T06:36:04,24,21,0,45
2025-05-01T06:43:58,24,21,0,45
2025-05-01T06:51:51,24,21,0,45
2025-05-01T06:59:47,24,21,0,45
2025-05-01T07:07:39,24,21,0,45
2025-05-01T07:15:32,24,21,0,45
2025-05-01T07:23:24,24,21,0,45
2025-05-01T07:31:17,24,21,0,45
2025-05-01T07:39:08,24,21,0,45
2025-05-01T07:47:01,24,21,0,45
2025-05-01T07:54:52,24,21,0,45
2025-05-01T08:02:44,24,21,0,45
2025-05-01T08:10:37,24,21,0,45
2025-05-01T08:18:29,24,21,0,45
2025-05-01T08:26:21,24,21,0,45
2025-05-01T08:34:13,24,21,0,45
2025-05-01T08:42:05,24,21,0,45
2025-05-01T08:49:57,24,21,0,45
2025-05-01T08:57:48,24,21,0,45
2025-05-01T09:05:40,24,21,0,45
2025-05-01T09:13:32,24,21,0,45
2025-05-01T09:21:23,24,21,0,45
2025-05-01T09:29:15,24,21,0,45
2025-05-01T09:37:21,24,21,0,45
2025-05-01T09:45:12,24,21,0,45
2025-05-01T09:53:04,24,21,0,45
2025-05-01T10:00:55,24,21,0,45
2025-05-01T10:08:47,24,21,0,45
2025-05-01T10:16:39,24,21,0,45
2025-05-01T10:24:31,24,21,0,45
2025-05-01T10:32:23,24,21,0,45
2025-05-01T10:40:15,24,21,0,45
2025-05-01T10:48:06,24,21,0,45
2025-05-01T10:55:59,24,21,0,45
2025-05-01T11:03:51,24,21,0,45
2025-05-01T11:11:43,24,21,0,45
2025-05-01T11:19:34,24,21,0,45
2025-05-01T11:27:26,24,21,0,45
2025-05-01T11:35:18,24,21,0,45
2025-05-01T11:43:09,24,21,0,45
2025-05-01T11:51:21,24,21,0,45
2025-05-01T11:59:13,24,21,0,45
2025-05-01T12:07:04,24,21,0,45
2025-05-01T12:14:56,24,21,0,45
2025-05-01T12:22:47,24,21,0,45
2025-05-01T12:30:39,24,21,0,45
2025-05-01T12:38:31,24,21,0,45
2025-05-01T12:46:22,24,21,0,45
2025-05-01T12:54:14,24,21,0,45
2025-05-01T13:02:06,24,21,0,45
2025-05-01T13:09:57,24,21,0,45
2025-05-01T13:17:49,24,21,0,45
2025-05-01T13:25:41,24,21,0,45
2025-05-01T13:33:32,24,21,0,45
2025-05-01T13:41:24,24,21,0,45
2025-05-01T13:49:15,24,21,0,45
2025-05-01T13:57:07,24,21,0,45
2025-05-01T14:05:10,24,21,0,45
2025-05-01T14:13:02,24,21,0,45
2025-05-01T14:20:53,24,21,0,45
2025-05-01T14:28:45,24,21,0,45
2025-05-01T14:36:36,24,21,0,45
2025-05-01T14:44:28,24,21,0,45
2025-05-01T14:52:19,24,21,0,45
2025-05-01T15:00:11,24,21,0,45
2025-05-01T15:08:03,24,21,0,45
2025-05-01T15:15:55,24,21,0,45
2025-05-01T15:23:47,24,21,0,45
2025-05-01T15:31:40,24,21,0,45
2025-05-01T15:39:31,24,21,0,45
2025-05-01T15:47:23,24,21,0,45
2025-05-01T15:55:31,24,21,0,45
2025-05-01T16:03:23,24,21,0,45
2025-05-01T16:11:17,24,21,0,45
2025-05-01T16:19:08,24,21,0,45
2025-05-01T16:27:00,24,21,0,45
2025-05-01T16:34:53,24,21,0,45
2025-05-01T16:42:45,24,21,0,45
2025-05-01T16:50:37,24,21,0,45
2025-05-01T16:58:31,24,21,0,45
2025-05-01T17:06:24,24,21,0,45
2025-05-01T17:14:17,24,21,0,45
2025-05-01T17:22:10,24,21,0,45
2025-05-01T17:30:02,24,21,0,45
2025-05-01T17:38:05,24,21,0,45
2025-05-01T17:45:58,24,21,0,45
2025-05-01T17:53:50,24,21,0,45
2025-05-01T18:01:42,24,21,0,45
2025-05-01T18:09:35,24,21,0,45
2025-05-01T18:17:27,24,21,0,45
2025-05-01T18:25:22,24,21,0,45
2025-05-01T18:33:14,24,21,0,45
2025-05-01T18:41:07,24,21,0,45
2025-05-01T18:48:59,24,21,0,45
2025-05-01T18:56:52,24,21,0,45
2025-05-01T19:04:44,24,21,0,45
2025-05-01T19:12:44,24,21,0,45
2025-05-01T19:20:36,24,21,0,45
2025-05-01T19:28:44,24,21,0,45
2025-05-01T19:36:58,24,21,0,45
2025-05-01T19:45:00,24,21,0,45
2025-05-01T19:53:02,24,21,0,45
2025-05-01T20:01:04,24,21,0,45
2025-05-01T20:08:57,24,21,0,45
2025-05-01T20:16:50,24,21,0,45
2025-05-01T20:24:43,24,21,0,45
2025-05-01T20:32:35,24,21,0,45
2025-05-01T20:40:28,24,21,0,45
2025-05-01T20:48:20,24,21,0,45
2025-05-01T20:56:13,24,21,0,45
2025-05-01T21:04:05,24,21,0,45
2025-05-01T21:11:58,24,21,0,45
2025-05-01T21:19:51,24,21,0,45
2025-05-01T21:27:53,24,21,0,45
2025-05-01T21:35:45,24,21,0,45
2025-05-01T21:43:38,24,21,0,45
2025-05-01T21:51:30,24,21,0,45
2025-05-01T21:59:24,24,21,0,45
2025-05-01T22:07:16,24,21,0,45
2025-05-01T22:15:09,24,21,0,45
2025-05-01T22:23:02,24,21,0,45
2025-05-01T22:30:55,24,21,0,45
2025-05-01T22:38:48,24,21,0,45
2025-05-01T22:46:42,24,21,0,45
2025-05-01T22:54:36,24,21,0,45
2025-05-01T23:02:39,24,21,0,45
2025-05-01T23:10:32,24,21,0,45
2025-05-01T23:18:25,24,21,0,45
2025-05-01T23:26:18,24,21,0,45
2025-05-01T23:34:12,24,21,0,45
2025-05-01T23:42:05,24,21,0,45
2025-05-01T23:49:58,24,21,0,45
2025-05-01T23:57:53,24,21,0,45
2025-05-02T00:05:45,24,21,0,45
2025-05-02T00:13:39,24,21,0,45
2025-05-02T00:21:33,24,21,0,45
2025-05-02T00:29:27,24,21,0,45
2025-05-02T00:37:22,24,21,0,45
2025-05-02T00:45:16,24,21,0,45
2025-05-02T00:53:10,24,21,0,45
2025-05-02T01:01:04,24,21,0,45
2025-05-02T01:08:58,24,21,0,45
2025-05-02T01:16:52,24,21,0,45
2025-05-02T01:24:46,24,21,0,45
2025-05-02T01:32:53,24,21,0,45
2025-05-02T01:40:48,24,21,0,45
2025-05-02T01:48:42,24,21,0,45
2025-05-02T01:56:36,24,21,0,45
2025-05-02T02:04:30,24,21,0,45
2025-05-02T02:12:23,24,21,0,45
2025-05-02T02:20:18,24,21,0,45
2025-05-02T02:28:16,24,21,0,45
2025-05-02T02:36:09,24,21,0,45
2025-05-02T02:44:02,24,21,0,45
2025-05-02T02:51:55,24,21,0,45
2025-05-02T02:59:48,24,21,0,45
2025-05-02T03:07:41,24,21,0,45
2025-05-02T03:15:35,24,21,0,45
2025-05-02T03:23:27,24,21,0,45
2025-05-02T03:31:20,24,21,0,45
2025-05-02T03:39:13,24,21,0,45
2025-05-02T03:47:06,24,21,0,45
2025-05-02T03:54:59,24,21,0,45
2025-05-02T04:02:52,24,21,0,45
2025-05-02T04:11:12,24,21,0,45
2025-05-02T04:36:58,24,21,0,45
2025-05-02T04:45:10,24,21,0,45
2025-05-02T04:53:04,24,21,0,45
2025-05-02T05:00:58,24,21,0,45
2025-05-02T05:08:52,24,21,0,45
2025-05-02T05:16:46,24,21,0,45
2025-05-02T05:24:39,24,21,0,45
2025-05-02T05:32:32,24,21,0,45
2025-05-02T05:40:27,24,21,0,45
2025-05-02T05:48:20,24,21,0,45
2025-05-02T05:56:14,24,21,0,45
2025-05-02T06:04:08,24,21,0,45
2025-05-02T06:12:03,24,21,0,45
2025-05-02T06:19:57,24,21,0,45
2025-05-02T06:27:50,24,21,0,45
2025-05-02T06:35:44,24,21,0,45
2025-05-02T06:43:38,24,21,0,45
2025-05-02T06:51:31,24,21,0,45
2025-05-02T06:59:24,24,21,0,45
2025-05-02T07:07:18,24,21,0,45
2025-05-02T07:15:12,24,21,0,45
2025-05-02T07:23:05,24,21,0,45
2025-05-02T07:30:59,24,21,0,45
2025-05-02T07:38:52,24,21,0,45
2025-05-02T07:46:48,24,21,0,45
2025-05-02T07:54:41,24,21,0,45
2025-05-02T08:02:34,24,21,0,45
2025-05-02T08:10:27,24,21,0,45
2025-05-02T08:18:20,24,21,0,45
2025-05-02T08:26:12,24,21,0,45
2025-05-02T08:34:06,24,21,0,45
2025-05-02T08:42:07,24,21,0,45
2025-05-02T08:50:00,24,21,0,45
2025-05-02T08:57:53,24,21,0,45
2025-05-02T09:05:46,24,21,0,45
2025-05-02T09:13:39,24,21,0,45
2025-05-02T09:21:31,24,21,0,45
2025-05-02T09:29:25,24,21,0,45
2025-05-02T09:37:18,24,21,0,45
2025-05-02T09:45:11,24,21,0,45
2025-05-02T09:53:05,24,21,0,45
2025-05-02T10:00:58,24,21,0,45
2025-05-02T10:08:52,24,21,0,45
2025-05-02T10:16:45,24,21,0,45
2025-05-02T10:25:00,24,21,0,45
2025-05-02T10:32:54,24,21,0,45
2025-05-02T10:40:46,24,21,0,45
2025-05-02T10:48:40,24,21,0,45
2025-05-02T10:56:34,24,21,0,45
2025-05-02T11:04:27,24,21,0,45
2025-05-02T11:12:21,24,21,0,45
2025-05-02T11:20:13,24,21,0,45
2025-05-02T11:28:06,24,21,0,45
2025-05-02T11:35:58,24,21,0,45
2025-05-02T11:43:51,24,21,0,45
2025-05-02T11:51:44,24,21,0,45
2025-05-02T11:59:37,24,21,0,45
2025-05-02T12:07:40,24,21,0,45
2025-05-02T12:15:38,24,21,0,45
2025-05-02T12:23:31,24,21,0,45
2025-05-02T12:31:24,24,21,0,45
2025-05-02T12:39:17,24,21,0,45
2025-05-02T12:47:10,24,21,0,45
2025-05-02T12:55:02,24,21,0,45
2025-05-02T13:02:57,24,21,0,45
2025-05-02T13:10:49,24,21,0,45
2025-05-02T13:18:42,24,21,0,45
2025-05-02T13:26:44,24,21,0,45
2025-05-02T13:34:37,24,21,0,45
2025-05-02T13:42:29,24,21,0,45
2025-05-02T13:50:22,24,21,0,45
2025-05-02T13:58:15,24,21,0,45
2025-05-02T14:06:08,24,21,0,45
2025-05-02T14:14:00,24,21,0,45
2025-05-02T14:21:53,24,21,0,45
2025-05-02T14:29:46,24,21,0,45
2025-05-02T14:37:38,24,21,0,45
2025-05-02T14:45:31,24,21,0,45
2025-05-02T14:53:32,24,21,0,45
2025-05-02T15:01:25,24,21,0,45
2025-05-02T15:09:18,24,21,0,45
2025-05-02T15:17:11,24,21,0,45
2025-05-02T15:25:04,24,21,0,45
2025-05-02T15:32:57,24,21,0,45
2025-05-02T15:40:49,24,21,0,45
2025-05-02T15:48:42,24,21,0,45
2025-05-02T15:56:36,24,21,0,45
2025-05-02T16:04:53,24,21,0,45
2025-05-02T16:12:46,24,21,0,45
2025-05-02T16:20:38,24,21,0,45
2025-05-02T16:28:31,24,21,0,45
2025-05-02T16:36:24,24,21,0,45
2025-05-02T16:44:17,24,21,0,45
2025-05-02T16:52:10,24,21,0,45
2025-05-02T17:00:02,24,21,0,45
2025-05-02T17:07:56,24,21,0,45
2025-05-02T17:15:49,24,21,0,45
2025-05-02T17:23:42,24,21,0,45
2025-05-02T17:31:35,24,21,0,45
2025-05-02T17:39:27,24,21,0,45
2025-05-02T17:47:29,24,21,0,45
2025-05-02T17:55:22,24,21,0,45
2025-05-02T18:03:16,24,21,0,45
2025-05-02T18:11:08,24,21,0,45
2025-05-02T18:19:01,24,21,0,45
2025-05-02T18:26:54,24,21,0,45
2025-05-02T18:34:47,24,21,0,45
2025-05-02T18:42:39,24,21,0,45
2025-05-02T18:50:32,24,21,0,45
2025-05-02T18:58:24,24,21,0,45
2025-05-02T19:06:17,24,21,0,45
2025-05-02T19:14:10,24,21,0,45
2025-05-02T19:22:03,24,21,0,45
2025-05-02T19:29:56,24,21,0,45
2025-05-02T19:37:48,24,21,0,45
2025-05-02T19:45:41,24,21,0,45
2025-05-02T19:53:34,24,21,0,45
2025-05-02T20:01:27,24,21,0,45
2025-05-02T20:09:20,24,21,0,45
2025-05-02T20:17:12,24,21,0,45
2025-05-02T20:25:05,24,21,0,45
2025-05-02T20:33:07,24,21,0,45
2025-05-02T20:41:00,24,21,0,45
2025-05-02T20:48:53,24,21,0,45
2025-05-02T20:56:46,24,21,0,45
2025-05-02T21:04:38,24,21,0,45
2025-05-02T21:12:31,24,21,0,45
2025-05-02T21:20:24,24,21,0,45
2025-05-02T21:28:17,24,21,0,45
2025-05-02T21:36:10,24,21,0,45
2025-05-02T21:44:03,24,21,0,45
2025-05-02T21:51:56,24,21,0,45
2025-05-02T21:59:49,24,21,0,45
2025-05-02T22:07:41,24,21,0,45
2025-05-02T22:15:34,24,21,0,45
2025-05-02T22:23:28,24,21,0,45
2025-05-02T22:31:21,24,21,0,45
2025-05-02T22:39:14,24,21,0,45
2025-05-02T22:47:07,24,21,0,45
2025-05-02T22:55:01,24,21,0,45
2025-05-02T23:02:54,24,21,0,45
2025-05-02T23:10:47,24,21,0,45
2025-05-02T23:18:42,24,21,0,45
2025-05-02T23:26:35,24,21,0,45
2025-05-02T23:34:36,24,21,0,45
2025-05-02T23:42:29,24,21,0,45
2025-05-02T23:50:22,24,21,0,45
2025-05-02T23:58:16,24,21,0,45
2025-05-03T00:06:10,24,21,0,45
2025-05-03T00:14:17,24,21,0,45
2025-05-03T00:22:12,24,21,0,45
2025-05-03T00:30:06,24,21,0,45
2025-05-03T00:38:01,24,21,0,45
2025-05-03T00:45:55,24,21,0,45
2025-05-03T00:53:49,24,21,0,45
2025-05-03T01:01:43,24,21,0,45
2025-05-03T01:09:37,24,21,0,45
2025-05-03T01:17:31,24,21,0,45
2025-05-03T01:25:24,24,21,0,45
2025-05-03T01:33:18,24,21,0,45
2025-05-03T01:41:12,24,21,0,45
2025-05-03T01:49:08,24,21,0,45
2025-05-03T01:57:02,24,21,0,45
2025-05-03T02:04:56,24,21,0,45
2025-05-03T02:12:50,24,21,0,45
2025-05-03T02:20:43,24,21,0,45
2025-05-03T02:28:37,24,21,0,45
2025-05-03T02:36:40,24,21,0,45
2025-05-03T02:44:34,24,21,0,45
2025-05-03T02:52:28,24,21,0,45
2025-05-03T03:00:46,24,21,0,45
2025-05-03T03:08:40,24,21,0,45
2025-05-03T03:16:34,24,21,0,45
2025-05-03T03:24:28,24,21,0,45
2025-05-03T03:32:22,24,21,0,45
2025-05-03T03:40:15,24,21,0,45
2025-05-03T03:48:08,24,21,0,45
2025-05-03T03:56:02,24,21,0,45
2025-05-03T04:03:55,24,21,0,45
2025-05-03T04:28:14,24,21,0,45
2025-05-03T04:36:09,24,21,0,45
2025-05-03T04:44:04,24,21,0,45
2025-05-03T04:51:58,24,21,0,45
2025-05-03T04:59:51,24,21,0,45
2025-05-03T05:07:46,24,21,0,45
2025-05-03T05:15:40,24,21,0,45
2025-05-03T05:23:35,24,21,0,45
2025-05-03T05:31:30,24,21,0,45
2025-05-03T05:39:23,24,21,0,45
2025-05-03T05:47:17,24,21,0,45
2025-05-03T05:55:11,24,21,0,45
2025-05-03T06:03:06,24,21,0,45
2025-05-03T06:11:00,24,21,0,45
2025-05-03T06:18:53,24,21,0,45
2025-05-03T06:26:47,24,21,0,45
2025-05-03T06:34:41,24,21,0,45
2025-05-03T06:42:34,24,21,0,45
2025-05-03T06:50:28,24,21,0,45
2025-05-03T06:58:22,24,21,0,45
2025-05-03T07:06:20,24,21,0,45
2025-05-03T07:14:13,24,21,0,45
2025-05-03T07:22:07,24,21,0,45
2025-05-03T07:30:00,24,21,0,45
2025-05-03T07:37:54,24,21,0,45
2025-05-03T07:46:00,24,21,0,45
2025-05-03T07:53:53,24,21,0,45
2025-05-03T08:01:45,24,21,0,45
2025-05-03T08:09:38,24,21,0,45
2025-05-03T08:17:31,24,21,0,45
2025-05-03T08:25:24,24,21,0,45
2025-05-03T08:33:17,24,21,0,45
2025-05-03T08:41:09,24,21,0,45
2025-05-03T08:49:02,24,21,0,45
2025-05-03T08:56:55,24,21,0,45
2025-05-03T09:04:47,24,21,0,45
2025-05-03T09:12:40,24,21,0,45
2025-05-03T09:20:33,24,21,0,45
2025-05-03T09:28:26,24,21,0,45
2025-05-03T09:36:18,24,21,0,45
2025-05-03T09:44:11,24,21,0,45
2025-05-03T09:52:03,24,21,0,45
2025-05-03T09:59:56,24,21,0,45
2025-05-03T10:07:49,24,21,0,45
2025-05-03T10:15:41,24,21,0,45
2025-05-03T10:23:34,24,21,0,45
2025-05-03T10:31:26,24,21,0,45
2025-05-03T10:39:19,24,21,0,45
2025-05-03T10:47:12,24,21,0,45
2025-05-03T10:55:11,24,21,0,45
2025-05-03T11:03:04,24,21,0,45
2025-05-03T11:10:57,24,21,0,45
2025-05-03T11:18:49,24,21,0,45
2025-05-03T11:26:42,24,21,0,45
2025-05-03T11:34:34,24,21,0,45
2025-05-03T11:42:28,24,21,0,45
2025-05-03T11:50:21,24,21,0,45
2025-05-03T11:58:13,24,21,0,45
2025-05-03T12:06:06,24,21,0,45
2025-05-03T12:13:59,24,21,0,45
2025-05-03T12:21:56,24,21,0,45
2025-05-03T12:29:48,24,21,0,45
2025-05-03T12:37:41,24,21,0,45
2025-05-03T12:45:33,24,21,0,45
2025-05-03T12:53:26,24,21,0,45
2025-05-03T13:01:18,24,21,0,45
2025-05-03T13:09:11,24,21,0,45
2025-05-03T13:17:04,24,21,0,45
2025-05-03T13:25:07,24,21,0,45
2025-05-03T13:32:59,24,21,0,45
2025-05-03T13:40:52,24,21,0,45
2025-05-03T13:48:44,24,21,0,45
2025-05-03T13:56:37,24,21,0,45
2025-05-03T14:04:29,24,21,0,45
2025-05-03T14:12:22,24,21,0,45
2025-05-03T14:20:15,24,21,0,45
2025-05-03T14:28:07,24,21,0,45
2025-05-03T14:36:00,24,21,0,45
2025-05-03T14:43:52,24,21,0,45
2025-05-03T14:51:45,24,21,0,45
2025-05-03T14:59:38,24,21,0,45
2025-05-03T15:07:31,24,21,0,45
2025-05-03T15:15:25,24,21,0,45
2025-05-03T15:23:18,24,21,0,45
2025-05-03T15:31:10,24,21,0,45
2025-05-03T15:39:03,24,21,0,45
2025-05-03T15:46:56,24,21,0,45
2025-05-03T15:54:49,24,21,0,45
2025-05-03T16:02:42,24,21,0,45
2025-05-03T16:10:34,24,21,0,45
2025-05-03T16:18:27,24,21,0,45
2025-05-03T16:26:20,24,21,0,45
2025-05-03T16:34:12,24,21,0,45
2025-05-03T16:42:05,24,21,0,45
2025-05-03T16:49:57,24,21,0,45
2025-05-03T16:57:59,24,21,0,45
2025-05-03T17:05:52,24,21,0,45
2025-05-03T17:13:45,24,21,0,45
2025-05-03T17:21:37,24,21,0,45
2025-05-03T17:29:30,24,21,0,45
2025-05-03T17:37:22,24,21,0,45
2025-05-03T17:45:15,24,21,0,45
2025-05-03T17:53:07,24,21,0,45
2025-05-03T18:01:00,24,21,0,45
2025-05-03T18:08:54,24,21,0,45
2025-05-03T18:16:47,24,21,0,45
2025-05-03T18:24:40,24,21,0,45
2025-05-03T18:32:33,24,21,0,45
2025-05-03T18:40:25,24,21,0,45
2025-05-03T18:48:18,24,21,0,45
2025-05-03T18:56:10,24,21,0,45
2025-05-03T19:04:03,24,21,0,45
2025-05-03T19:11:56,24,21,0,45
2025-05-03T19:19:48,24,21,0,45
2025-05-03T19:27:41,24,21,0,45
2025-05-03T19:35:33,24,21,0,45
2025-05-03T19:43:26,24,21,0,45
2025-05-03T19:51:19,24,21,0,45
2025-05-03T19:59:11,24,21,0,45
2025-05-03T20:07:04,24,21,0,45
2025-05-03T20:14:56,24,21,0,45
2025-05-03T20:22:58,24,21,0,45
2025-05-03T20:30:51,24,21,0,45
2025-05-03T20:38:44,24,21,0,45
2025-05-03T20:46:36,24,21,0,45
2025-05-03T20:54:29,24,21,0,45
2025-05-03T21:02:22,24,21,0,45
2025-05-03T21:10:14,24,21,0,45
2025-05-03T21:18:07,24,21,0,45
2025-05-03T21:25:59,24,21,0,45
2025-05-03T21:33:52,24,21,0,45
2025-05-03T21:41:45,24,21,0,45
2025-05-03T21:49:37,24,21,0,45
2025-05-03T21:57:30,24,21,0,45
2025-05-03T22:05:22,24,21,0,45
2025-05-03T22:13:15,24,21,0,45
2025-05-03T22:21:08,24,21,0,45
2025-05-03T22:29:00,24,21,0,45
2025-05-03T22:36:53,24,21,0,45
2025-05-03T22:44:46,24,21,0,45
2025-05-03T22:52:41,24,21,0,45
2025-05-03T23:00:34,24,21,0,45
2025-05-03T23:08:27,24,21,0,45
2025-05-03T23:16:20,24,21,0,45
2025-05-03T23:24:13,24,21,0,45
2025-05-03T23:32:07,24,21,0,45
2025-05-03T23:39:59,24,21,0,45
2025-05-03T23:47:52,24,21,0,45
2025-05-03T23:55:45,24,21,0,45
2025-05-04T00:03:38,24,21,0,45
2025-05-04T00:11:48,24,21,0,45
2025-05-04T00:19:42,24,21,0,45
2025-05-04T00:27:35,24,21,0,45
2025-05-04T00:35:28,24,21,0,45
2025-05-04T00:43:23,24,21,0,45
2025-05-04T00:51:17,24,21,0,45
2025-05-04T00:59:11,24,21,0,45
2025-05-04T01:07:18,24,21,0,45
2025-05-04T01:15:26,24,21,0,45
2025-05-04T01:23:29,24,21,0,45
2025-05-04T01:31:23,24,21,0,45
2025-05-04T01:39:17,24,21,0,45
2025-05-04T01:47:11,24,21,0,45
2025-05-04T01:55:04,24,21,0,45
2025-05-04T02:02:58,24,21,0,45
2025-05-04T02:10:52,24,21,0,45
2025-05-04T02:18:50,24,21,0,45
2025-05-04T02:26:44,24,21,0,45
2025-05-04T02:34:46,24,21,0,45
2025-05-04T02:42:40,24,21,0,45
2025-05-04T02:50:33,24,21,0,45
2025-05-04T02:58:26,24,21,0,45
2025-05-04T03:06:20,24,21,0,45
2025-05-04T03:14:13,24,21,0,45
2025-05-04T03:22:07,24,21,0,45
2025-05-04T03:30:00,24,21,0,45
2025-05-04T03:37:53,24,21,0,45
2025-05-04T03:45:57,24,21,0,45
2025-05-04T03:53:50,24,21,0,45
2025-05-04T04:01:43,24,21,0,45
2025-05-04T04:25:31,24,21,0,45
2025-05-04T04:34:07,24,21,0,45
2025-05-04T04:42:01,24,21,0,45
2025-05-04T04:49:54,24,21,0,45
2025-05-04T04:57:48,24,21,0,45
2025-05-04T05:05:42,24,21,0,45
2025-05-04T05:13:37,24,21,0,45
2025-05-04T05:21:31,24,21,0,45
2025-05-04T05:29:24,24,21,0,45
2025-05-04T05:37:17,24,21,0,45
2025-05-04T05:45:12,24,21,0,45
2025-05-04T05:53:06,24,21,0,45
2025-05-04T06:01:00,24,21,0,45
2025-05-04T06:08:55,24,21,0,45
2025-05-04T06:16:50,24,21,0,45
2025-05-04T06:24:44,24,21,0,45
2025-05-04T06:32:38,24,21,0,45
2025-05-04T06:40:32,24,21,0,45
2025-05-04T06:48:26,24,21,0,45
2025-05-04T06:56:21,24,21,0,45
2025-05-04T07:04:14,24,21,0,45
2025-05-04T07:12:07,24,21,0,45
2025-05-04T07:20:01,24,21,0,45
2025-05-04T07:27:56,24,21,0,45
2025-05-04T07:35:50,24,21,0,45
2025-05-04T07:43:43,24,21,0,45
2025-05-04T07:51:37,24,21,0,45
2025-05-04T07:59:30,24,21,0,45
2025-05-04T08:07:23,24,21,0,45
2025-05-04T08:15:16,24,21,0,45
2025-05-04T08:23:10,24,21,0,45
2025-05-04T08:31:04,24,21,0,45
2025-05-04T08:38:57,24,21,0,45
2025-05-04T08:46:50,24,21,0,45
2025-05-04T08:54:43,24,21,0,45
2025-05-04T09:02:36,24,21,0,45
2025-05-04T09:10:28,24,21,0,45
2025-05-04T09:18:21,24,21,0,45
2025-05-04T09:26:14,24,21,0,45
2025-05-04T09:34:07,24,21,0,45
2025-05-04T09:42:00,24,21,0,45
2025-05-04T09:50:00,24,21,0,45
2025-05-04T09:57:53,24,21,0,45
2025-05-04T10:05:46,24,21,0,45
2025-05-04T10:13:38,24,21,0,45
2025-05-04T10:21:31,24,21,0,45
2025-05-04T10:29:24,24,21,0,45
2025-05-04T10:37:16,24,21,0,45
2025-05-04T10:45:09,24,21,0,45
2025-05-04T10:53:02,24,21,0,45
2025-05-04T11:00:54,24,21,0,45
2025-05-04T11:08:48,24,21,0,45
2025-05-04T11:16:40,24,21,0,45
2025-05-04T11:24:33,24,21,0,45
2025-05-04T11:32:25,24,21,0,45
2025-05-04T11:40:18,24,21,0,45
2025-05-04T11:48:10,24,21,0,45
2025-05-04T11:56:11,24,21,0,45
2025-05-04T12:04:04,24,21,0,45
2025-05-04T12:11:56,24,21,0,45
2025-05-04T12:19:49,24,21,0,45
2025-05-04T12:27:42,24,21,0,45
2025-05-04T12:35:34,24,21,0,45
2025-05-04T12:43:27,24,21,0,45
2025-05-04T12:51:19,24,21,0,45
2025-05-04T12:59:12,24,21,0,45
2025-05-04T13:07:05,24,21,0,45
2025-05-04T13:14:58,24,21,0,45
2025-05-04T13:22:50,24,21,0,45
2025-05-04T13:30:43,24,21,0,45
2025-05-04T13:38:36,24,21,0,45
2025-05-04T13:46:31,24,21,0,45
2025-05-04T13:54:24,24,21,0,45
2025-05-04T14:02:16,24,21,0,45
2025-05-04T14:10:19,24,21,0,45
2025-05-04T14:18:13,24,21,0,45
2025-05-04T14:26:06,24,21,0,45
2025-05-04T14:33:59,24,21,0,45
2025-05-04T14:41:52,24,21,0,45
2025-05-04T14:49:45,24,21,0,45
2025-05-04T14:57:38,24,21,0,45
2025-05-04T15:05:31,24,21,0,45
2025-05-04T15:13:24,24,21,0,45
2025-05-04T15:21:16,24,21,0,45
2025-05-04T15:29:10,24,21,0,45
2025-05-04T15:37:03,24,21,0,45
2025-05-04T15:44:56,24,21,0,45
2025-05-04T15:52:48,24,21,0,45
2025-05-04T16:00:41,24,21,0,45
2025-05-04T16:08:34,24,21,0,45
2025-05-04T16:16:27,24,21,0,45
2025-05-04T16:24:21,24,21,0,45
2025-05-04T16:32:15,24,21,0,45
2025-05-04T16:40:16,24,21,0,45
2025-05-04T16:48:09,24,21,0,45
2025-05-04T16:56:02,24,21,0,45
2025-05-04T17:03:55,24,21,0,45
2025-05-04T17:11:48,24,21,0,45
2025-05-04T17:19:41,24,21,0,45
2025-05-04T17:27:33,24,21,0,45
2025-05-04T17:35:26,24,21,0,45
2025-05-04T17:43:18,24,21,0,45
2025-05-04T17:51:12,24,21,0,45
2025-05-04T17:59:05,24,21,0,45
2025-05-04T18:06:57,24,21,0,45
2025-05-04T18:14:50,24,21,0,45
2025-05-04T18:22:42,24,21,0,45
2025-05-04T18:30:35,24,21,0,45
2025-05-04T18:38:38,24,21,0,45
2025-05-04T18:46:31,24,21,0,45
2025-05-04T18:54:24,24,21,0,45
2025-05-04T19:02:16,24,21,0,45
2025-05-04T19:10:09,24,21,0,45
2025-05-04T19:18:01,24,21,0,45
2025-05-04T19:25:54,24,21,0,45
2025-05-04T19:33:47,24,21,0,45
2025-05-04T19:41:39,24,21,0,45
2025-05-04T19:49:32,24,21,0,45
2025-05-04T19:57:24,24,21,0,45
2025-05-04T20:05:17,24,21,0,45
2025-05-04T20:13:10,24,21,0,45
2025-05-04T20:21:03,24,21,0,45
2025-05-04T20:28:55,24,21,0,45
2025-05-04T20:36:48,24,21,0,45
2025-05-04T20:44:41,24,21,0,45
2025-05-04T20:52:33,24,21,0,45
2025-05-04T21:00:26,24,21,0,45
2025-05-04T21:08:19,24,21,0,45
2025-05-04T21:16:22,24,21,0,45
2025-05-04T21:24:15,24,21,0,45
2025-05-04T21:32:08,24,21,0,45
2025-05-04T21:40:01,24,21,0,45
2025-05-04T21:47:53,24,21,0,45
2025-05-04T21:55:46,24,21,0,45
2025-05-04T22:03:39,24,21,0,45
2025-05-04T22:11:32,24,21,0,45
2025-05-04T22:19:25,24,21,0,45
2025-05-04T22:27:17,24,21,0,45
2025-05-04T22:35:10,24,21,0,45
2025-05-04T22:43:03,24,21,0,45
2025-05-04T22:50:57,24,21,0,45
2025-05-04T22:58:52,24,21,0,45
2025-05-04T23:06:45,24,21,0,45
2025-05-04T23:14:39,24,21,0,45
2025-05-04T23:22:32,24,21,0,45
2025-05-04T23:30:25,24,21,0,45
2025-05-04T23:38:17,24,21,0,45
2025-05-04T23:46:10,24,21,0,45
2025-05-04T23:54:11,24,21,0,45
2025-05-05T00:02:12,24,21,0,45
2025-05-05T00:10:15,24,21,0,45
2025-05-05T00:18:11,24,21,0,45
2025-05-05T00:26:05,24,21,0,45
2025-05-05T00:33:59,24,21,0,45
2025-05-05T00:41:52,24,21,0,45
2025-05-05T00:49:46,24,21,0,45
2025-05-05T00:57:41,24,21,0,45
2025-05-05T01:05:35,24,21,0,45
2025-05-05T01:13:29,24,21,0,45
2025-05-05T01:21:23,24,21,0,45
2025-05-05T01:29:16,24,21,0,45
2025-05-05T01:37:09,24,21,0,45
2025-05-05T01:45:03,24,21,0,45
2025-05-05T01:52:56,24,21,0,45
2025-05-05T02:00:49,24,21,0,45
2025-05-05T02:09:10,24,21,0,45
2025-05-05T02:17:04,24,21,0,45
2025-05-05T02:24:57,24,21,0,45
2025-05-05T02:32:50,24,21,0,45
2025-05-05T02:40:43,24,21,0,45
2025-05-05T02:48:36,24,21,0,45
2025-05-05T02:56:29,24,21,0,45
2025-05-05T03:04:22,24,21,0,45
2025-05-05T03:12:16,24,21,0,45
2025-05-05T03:20:09,24,21,0,45
2025-05-05T03:28:02,24,21,0,45
2025-05-05T03:35:55,24,21,0,45
2025-05-05T03:43:48,24,21,0,45
2025-05-05T03:51:40,24,21,0,45
2025-05-05T03:59:33,24,21,0,45
2025-05-05T04:27:33,24,21,0,45
2025-05-05T04:35:27,24,21,0,45
2025-05-05T04:43:21,24,21,0,45
2025-05-05T04:51:14,24,21,0,45
2025-05-05T04:59:09,24,21,0,45
2025-05-05T05:07:03,24,21,0,45
2025-05-05T05:14:56,24,21,0,45
2025-05-05T05:22:50,24,21,0,45
2025-05-05T05:30:43,24,21,0,45
2025-05-05T05:38:38,24,21,0,45
2025-05-05T05:46:32,24,21,0,45
2025-05-05T05:54:26,24,21,0,45
2025-05-05T06:02:21,24,21,0,45
2025-05-05T06:10:16,24,21,0,45
2025-05-05T06:18:11,24,21,0,45
2025-05-05T06:26:06,24,21,0,45
2025-05-05T06:34:00,24,21,0,45
2025-05-05T06:41:54,24,21,0,45
2025-05-05T06:49:48,24,21,0,45
2025-05-05T06:57:41,24,21,0,45
2025-05-05T07:05:36,24,21,0,45
2025-05-05T07:13:29,24,21,0,45
2025-05-05T07:21:23,24,21,0,45
2025-05-05T07:29:17,24,21,0,45
2025-05-05T07:37:11,24,21,0,45
2025-05-05T07:45:06,24,21,0,45
2025-05-05T07:52:58,24,21,0,45
2025-05-05T08:00:52,24,21,0,45
2025-05-05T08:08:44,24,21,0,45
2025-05-05T08:16:37,24,21,0,45
2025-05-05T08:24:30,24,21,0,45
2025-05-05T08:32:22,24,21,0,45
2025-05-05T08:40:16,24,21,0,45
2025-05-05T08:48:08,24,21,0,45
2025-05-05T08:56:10,24,21,0,45
2025-05-05T09:04:03,24,21,0,45
2025-05-05T09:11:56,24,21,0,45
2025-05-05T09:19:49,24,21,0,45
2025-05-05T09:27:41,24,21,0,45
2025-05-05T09:35:35,24,21,0,45
2025-05-05T09:43:27,24,21,0,45
2025-05-05T09:51:20,24,21,0,45
2025-05-05T09:59:12,24,21,0,45
2025-05-05T10:07:05,24,21,0,45
2025-05-05T10:14:58,24,21,0,45
2025-05-05T10:22:51,24,21,0,45
2025-05-05T10:30:44,24,21,0,45
2025-05-05T10:38:36,24,21,0,45
2025-05-05T10:46:29,24,21,0,45
2025-05-05T10:54:22,24,21,0,45
2025-05-05T11:02:14,24,21,0,45
2025-05-05T11:10:06,24,21,0,45
2025-05-05T11:17:59,24,21,0,45
2025-05-05T11:26:05,24,21,0,45
2025-05-05T11:33:58,24,21,0,45
2025-05-05T11:41:50,24,21,0,45
2025-05-05T11:49:43,24,21,0,45
2025-05-05T11:57:35,24,21,0,45
2025-05-05T12:05:28,24,21,0,45
2025-05-05T12:13:20,24,21,0,45
2025-05-05T12:21:14,24,21,0,45
2025-05-05T12:29:07,24,21,0,45
2025-05-05T12:37:00,24,21,0,45
2025-05-05T12:44:52,24,21,0,45
2025-05-05T12:52:45,24,21,0,45
2025-05-05T13:00:38,24,21,0,45
2025-05-05T13:08:40,24,21,0,45
2025-05-05T13:16:32,24,21,0,45
2025-05-05T13:24:25,24,21,0,45
2025-05-05T13:32:17,24,21,0,45
2025-05-05T13:40:10,24,21,0,45
2025-05-05T13:48:03,24,21,0,45
2025-05-05T13:55:56,24,21,0,45
2025-05-05T14:03:48,24,21,0,45
2025-05-05T14:11:41,24,21,0,45
2025-05-05T14:19:34,24,21,0,45
2025-05-05T14:27:26,24,21,0,45
2025-05-05T14:35:19,24,21,0,45
2025-05-05T14:43:12,24,21,0,45
2025-05-05T14:51:04,24,21,0,45
2025-05-05T14:58:57,24,21,0,45
2025-05-05T15:07:00,24,21,0,45
2025-05-05T15:14:53,24,21,0,45
2025-05-05T15:22:45,24,21,0,45
2025-05-05T15:30:38,24,21,0,45
2025-05-05T15:38:30,24,21,0,45
2025-05-05T15:46:23,24,21,0,45
2025-05-05T15:54:16,24,21,0,45
2025-05-05T16:02:08,24,21,0,45
2025-05-05T16:10:01,24,21,0,45
2025-05-05T16:17:53,24,21,0,45
2025-05-05T16:25:45,24,21,0,45
2025-05-05T16:33:40,24,21,0,45
2025-05-05T16:41:42,24,21,0,45
2025-05-05T16:49:35,24,21,0,45
2025-05-05T16:57:27,24,21,0,45
2025-05-05T17:05:20,24,21,0,45
2025-05-05T17:13:13,24,21,0,45
2025-05-05T17:21:05,24,21,0,45
2025-05-05T17:28:59,24,21,0,45
2025-05-05T17:36:52,24,21,0,45
2025-05-05T17:44:44,24,21,0,45
2025-05-05T17:52:37,24,21,0,45
2025-05-05T18:00:32,24,21,0,45
2025-05-05T18:08:26,24,21,0,45
2025-05-05T18:16:20,24,21,0,45
2025-05-05T18:24:12,24,21,0,45
2025-05-05T18:32:06,24,21,0,45
2025-05-05T18:39:58,24,21,0,45
2025-05-05T18:48:02,24,21,0,45
2025-05-05T18:55:54,24,21,0,45
2025-05-05T19:03:48,24,21,0,45
2025-05-05T19:11:40,24,21,0,45
2025-05-05T19:19:33,24,21,0,45
2025-05-05T19:27:26,24,21,0,45
2025-05-05T19:35:18,24,21,0,45
2025-05-05T19:43:11,24,21,0,45
2025-05-05T19:51:03,24,21,0,45
2025-05-05T19:58:56,24,21,0,45
2025-05-05T20:06:49,24,21,0,45
2025-05-05T20:14:41,24,21,0,45
2025-05-05T20:22:34,24,21,0,45
2025-05-05T20:30:26,24,21,0,45
2025-05-05T20:38:18,24,21,0,45
2025-05-05T20:46:11,24,21,0,45
2025-05-05T20:54:03,24,21,0,45
2025-05-05T21:01:56,24,21,0,45
2025-05-05T21:09:48,24,21,0,45
2025-05-05T21:17:52,24,21,0,45
2025-05-05T21:25:44,24,21,0,45
2025-05-05T21:33:37,24,21,0,45
2025-05-05T21:41:29,24,21,0,45
2025-05-05T21:49:22,24,21,0,45
2025-05-05T21:57:15,24,21,0,45
2025-05-05T22:05:07,24,21,0,45
2025-05-05T22:13:00,24,21,0,45
2025-05-05T22:20:53,24,21,0,45
2025-05-05T22:28:45,24,21,0,45
2025-05-05T22:36:39,24,21,0,45
2025-05-05T22:44:32,24,21,0,45
2025-05-05T22:52:24,24,21,0,45
2025-05-05T23:00:17,24,21,0,45
2025-05-05T23:08:10,24,21,0,45
2025-05-05T23:16:03,24,21,0,45
2025-05-05T23:23:56,24,21,0,45
2025-05-05T23:31:49,24,21,0,45
2025-05-05T23:39:42,24,21,0,45
2025-05-05T23:47:35,24,21,0,45
2025-05-05T23:55:27,24,21,0,45
2025-05-06T00:03:29,24,21,0,45
2025-05-06T00:11:47,24,21,0,45
2025-05-06T00:20:01,24,21,0,45
2025-05-06T00:28:08,24,21,0,45
2025-05-06T00:36:14,24,21,0,45
2025-05-06T00:44:31,24,21,0,45
2025-05-06T00:52:24,24,21,0,45
2025-05-06T01:00:19,24,21,0,45
2025-05-06T01:08:12,24,21,0,45
2025-05-06T01:16:06,24,21,0,45
2025-05-06T01:23:59,24,21,0,45
2025-05-06T01:31:52,24,21,0,45
2025-05-06T01:39:46,24,21,0,45
2025-05-06T01:47:40,24,21,0,45
2025-05-06T01:55:34,24,21,0,45
2025-05-06T02:03:27,24,21,0,45
2025-05-06T02:11:20,24,21,0,45
2025-05-06T02:19:14,24,21,0,45
2025-05-06T02:27:07,24,21,0,45
2025-05-06T02:34:59,24,21,0,45
2025-05-06T02:42:55,24,21,0,45
2025-05-06T02:50:49,24,21,0,45
2025-05-06T02:58:51,24,21,0,45
2025-05-06T03:06:54,24,21,0,45
2025-05-06T03:14:48,24,21,0,45
2025-05-06T03:22:41,24,21,0,45
2025-05-06T03:30:34,24,21,0,45
2025-05-06T03:38:36,24,21,0,45
2025-05-06T03:46:29,24,21,0,45
2025-05-06T03:54:22,24,21,0,45
2025-05-06T04:02:15,24,21,0,45
2025-05-06T04:25:02,24,21,0,45
2025-05-06T04:34:17,24,21,0,45
2025-05-06T04:42:27,24,21,0,45
2025-05-06T04:50:21,24,21,0,45
2025-05-06T04:58:14,24,21,0,45
2025-05-06T05:06:07,24,21,0,45
2025-05-06T05:14:01,24,21,0,45
2025-05-06T05:21:54,24,21,0,45
2025-05-06T05:29:49,24,21,0,45
2025-05-06T05:37:43,24,21,0,45
2025-05-06T05:45:38,24,21,0,45
2025-05-06T05:53:31,24,21,0,45
2025-05-06T06:01:25,24,21,0,45
2025-05-06T06:09:18,24,21,0,45
2025-05-06T06:17:12,24,21,0,45
2025-05-06T06:25:05,24,21,0,45
2025-05-06T06:32:58,24,21,0,45
2025-05-06T06:40:55,24,21,0,45
2025-05-06T06:48:48,24,21,0,45
2025-05-06T06:56:42,24,21,0,45
2025-05-06T07:04:35,24,21,0,45
2025-05-06T07:12:28,24,21,0,45
2025-05-06T07:20:21,24,21,0,45
2025-05-06T07:28:14,24,21,0,45
2025-05-06T07:36:08,24,21,0,45
2025-05-06T07:44:00,24,21,0,45
2025-05-06T07:51:54,24,21,0,45
2025-05-06T07:59:47,24,21,0,45
2025-05-06T08:07:40,24,21,0,45
2025-05-06T08:15:33,24,21,0,45
2025-05-06T08:23:25,24,21,0,45
2025-05-06T08:31:18,24,21,0,45
2025-05-06T08:39:12,24,21,0,45
2025-05-06T08:47:21,24,21,0,45
2025-05-06T08:55:14,24,21,0,45
2025-05-06T09:03:06,24,21,0,45
2025-05-06T09:10:59,24,21,0,45
2025-05-06T09:18:51,24,21,0,45
2025-05-06T09:26:44,24,21,0,45
2025-05-06T09:34:36,24,21,0,45
2025-05-06T09:42:29,24,21,0,45
2025-05-06T09:50:21,24,21,0,45
2025-05-06T09:58:14,24,21,0,45
2025-05-06T10:06:07,24,21,0,45
2025-05-06T10:14:00,24,21,0,45
2025-05-06T10:21:52,24,21,0,45
2025-05-06T10:29:57,24,21,0,45
2025-05-06T10:37:49,24,21,0,45
2025-05-06T10:45:42,24,21,0,45
2025-05-06T10:53:34,24,21,0,45
2025-05-06T11:01:27,24,21,0,45
2025-05-06T11:09:19,24,21,0,45
2025-05-06T11:17:12,24,21,0,45
2025-05-06T11:25:04,24,21,0,45
2025-05-06T11:32:57,24,21,0,45
2025-05-06T11:40:51,24,21,0,45
2025-05-06T11:48:44,24,21,0,45
2025-05-06T11:56:38,24,21,0,45
2025-05-06T12:04:31,24,21,0,45
2025-05-06T12:12:43,24,21,0,45
2025-05-06T12:20:36,24,21,0,45
2025-05-06T12:28:29,24,21,0,45
2025-05-06T12:36:23,24,21,0,45
2025-05-06T12:44:15,24,21,0,45
2025-05-06T12:52:08,24,21,0,45
2025-05-06T13:00:00,24,21,0,45
2025-05-06T13:07:53,24,21,0,45
2025-05-06T13:15:46,24,21,0,45
2025-05-06T13:23:38,24,21,0,45
2025-05-06T13:31:31,24,21,0,45
2025-05-06T13:39:23,24,21,0,45
2025-05-06T13:52:34,24,21,0,45
2025-05-06T14:30:57,24,21,0,45
2025-05-06T14:38:50,24,21,0,45
2025-05-06T14:46:43,24,21,0,45
2025-05-06T14:54:35,24,21,0,45
2025-05-06T15:02:31,24,21,0,45
2025-05-06T15:10:24,24,21,0,45
2025-05-06T15:18:17,24,21,0,45
2025-05-06T15:26:11,24,21,0,45
2025-05-06T15:34:04,24,21,0,45
2025-05-06T15:41:57,24,21,0,45
2025-05-06T15:49:49,24,21,0,45
2025-05-06T15:57:52,24,21,0,45
2025-05-06T16:05:45,24,21,0,45
2025-05-06T16:13:38,24,21,0,45
2025-05-06T16:21:30,24,21,0,45
2025-05-06T16:29:23,24,21,0,45
2025-05-06T16:37:16,24,21,0,45
2025-05-06T16:45:08,24,21,0,45
2025-05-06T16:53:01,24,21,0,45
2025-05-06T17:00:53,24,21,0,45
2025-05-06T17:08:46,24,21,0,45
2025-05-06T17:16:39,24,21,0,45
2025-05-06T17:24:32,24,21,0,45
2025-05-06T17:32:24,24,21,0,45
2025-05-06T17:40:17,24,21,0,45
2025-05-06T17:48:21,24,21,0,45
2025-05-06T17:56:13,24,21,0,45
2025-05-06T18:04:07,24,21,0,45
2025-05-06T18:12:00,24,21,0,45
2025-05-06T18:19:53,24,21,0,45
2025-05-06T18:27:46,24,21,0,45
2025-05-06T18:35:39,24,21,0,45
2025-05-06T18:43:32,24,21,0,45
2025-05-06T18:51:24,24,21,0,45
2025-05-06T18:59:17,24,21,0,45
2025-05-06T19:07:10,24,21,0,45
2025-05-06T19:15:02,24,21,0,45
2025-05-06T19:22:55,24,21,0,45
2025-05-06T19:30:48,24,21,0,45
2025-05-06T19:38:40,24,21,0,45
2025-05-06T19:46:33,24,21,0,45
2025-05-06T19:54:26,24,21,0,45
2025-05-06T20:02:30,24,21,0,45
2025-05-06T20:10:22,24,21,0,45
2025-05-06T20:18:15,24,21,0,45
2025-05-06T20:26:08,24,21,0,45
2025-05-06T20:34:01,24,21,0,45
2025-05-06T20:41:53,24,21,0,45
2025-05-06T20:49:46,24,21,0,45
2025-05-06T20:57:39,24,21,0,45
2025-05-06T21:05:32,24,21,0,45
2025-05-06T21:13:25,24,21,0,45
2025-05-06T21:21:18,24,21,0,45
2025-05-06T21:29:10,24,21,0,45
2025-05-06T21:37:03,24,21,0,45
2025-05-06T21:44:56,24,21,0,45
2025-05-06T21:52:48,24,21,0,45
2025-05-06T22:00:41,24,21,0,45
2025-05-06T22:08:34,24,21,0,45
2025-05-06T22:16:27,24,21,0,45
2025-05-06T22:24:20,24,21,0,45
2025-05-06T22:32:13,24,21,0,45
2025-05-06T22:40:06,24,21,0,45
2025-05-06T22:48:10,24,21,0,45
2025-05-06T22:56:03,24,21,0,45
2025-05-06T23:03:56,24,21,0,45
2025-05-06T23:11:49,24,21,0,45
2025-05-06T23:19:42,24,21,0,45
2025-05-06T23:27:35,24,21,0,45
2025-05-06T23:35:28,24,21,0,45
2025-05-06T23:43:20,24,21,0,45
2025-05-06T23:51:13,24,21,0,45
2025-05-06T23:59:06,24,21,0,45
2025-05-07T00:07:02,24,21,0,45
2025-05-07T00:14:56,24,21,0,45
2025-05-07T00:22:49,24,21,0,45
2025-05-07T00:30:43,24,21,0,45
2025-05-07T00:38:39,24,21,0,45
2025-05-07T00:46:33,24,21,0,45
2025-05-07T00:54:27,24,21,0,45
2025-05-07T01:02:21,24,21,0,45
2025-05-07T01:10:16,24,21,0,45
2025-05-07T01:18:09,24,21,0,45
2025-05-07T01:26:03,24,21,0,45
2025-05-07T01:33:57,24,21,0,45
2025-05-07T01:41:51,24,21,0,45
2025-05-07T01:49:44,24,21,0,45
2025-05-07T01:57:38,24,21,0,45
2025-05-07T02:05:31,24,21,0,45
2025-05-07T02:13:25,24,21,0,45
2025-05-07T02:21:17,24,21,0,45
2025-05-07T02:29:10,24,21,0,45
2025-05-07T02:37:03,24,21,0,45
2025-05-07T02:45:07,24,21,0,45
2025-05-07T02:53:00,24,21,0,45
2025-05-07T03:00:52,24,21,0,45
2025-05-07T03:08:45,24,21,0,45
2025-05-07T03:16:38,24,21,0,45
2025-05-07T03:24:32,24,21,0,45
2025-05-07T03:32:26,24,21,0,45
2025-05-07T03:40:21,24,21,0,45
2025-05-07T03:48:15,24,21,0,45
2025-05-07T03:56:08,24,21,0,45
2025-05-07T04:04:02,24,21,0,45
2025-05-07T04:11:56,24,21,0,45
2025-05-07T04:35:13,24,21,0,45
2025-05-07T04:43:09,24,21,0,45
2025-05-07T04:51:04,24,21,0,45
2025-05-07T04:58:58,24,21,0,45
2025-05-07T05:07:02,24,21,0,45
2025-05-07T05:14:56,24,21,0,45
2025-05-07T05:22:50,24,21,0,45
2025-05-07T05:30:43,24,21,0,45
2025-05-07T05:38:36,24,21,0,45
2025-05-07T05:46:30,24,21,0,45
2025-05-07T05:54:24,24,21,0,45
2025-05-07T06:02:17,24,21,0,45
2025-05-07T06:10:11,24,21,0,45
2025-05-07T06:18:05,24,21,0,45
2025-05-07T06:25:58,24,21,0,45
2025-05-07T06:33:52,24,21,0,45
2025-05-07T06:41:48,24,21,0,45
2025-05-07T06:49:41,24,21,0,45
2025-05-07T06:57:35,24,21,0,45
2025-05-07T07:05:29,24,21,0,45
2025-05-07T07:13:22,24,21,0,45
2025-05-07T07:21:15,24,21,0,45
2025-05-07T07:29:08,24,21,0,45
2025-05-07T07:37:02,24,21,0,45
2025-05-07T07:44:55,24,21,0,45
2025-05-07T07:52:48,24,21,0,45
2025-05-07T08:00:42,24,21,0,45
2025-05-07T08:08:35,24,21,0,45
2025-05-07T08:16:28,24,21,0,45
2025-05-07T08:24:35,24,21,0,45
2025-05-07T08:32:29,24,21,0,45
2025-05-07T08:40:22,24,21,0,45
2025-05-07T08:48:15,24,21,0,45
2025-05-07T08:56:08,24,21,0,45
2025-05-07T09:04:01,24,21,0,45
2025-05-07T09:11:54,24,21,0,45
2025-05-07T09:19:48,24,21,0,45
2025-05-07T09:27:41,24,21,0,45
2025-05-07T09:35:34,24,21,0,45
2025-05-07T09:43:27,24,21,0,45
2025-05-07T09:51:20,24,21,0,45
2025-05-07T09:59:13,24,21,0,45
2025-05-07T10:07:06,24,21,0,45
2025-05-07T10:14:59,24,21,0,45
2025-05-07T10:22:52,24,21,0,45
2025-05-07T10:30:46,24,21,0,45
2025-05-07T10:38:39,24,21,0,45
2025-05-07T10:46:32,24,21,0,45
2025-05-07T10:54:25,24,21,0,45
2025-05-07T11:02:18,24,21,0,45
2025-05-07T11:10:11,24,21,0,45
2025-05-07T11:18:14,24,21,0,45
2025-05-07T11:26:07,24,21,0,45
2025-05-07T11:34:01,24,21,0,45
2025-05-07T11:41:54,24,21,0,45
2025-05-07T11:49:47,24,21,0,45
2025-05-07T11:57:40,24,21,0,45
2025-05-07T12:05:33,24,21,0,45
2025-05-07T12:13:26,24,21,0,45
2025-05-07T12:21:20,24,21,0,45
2025-05-07T12:29:13,24,21,0,45
2025-05-07T12:37:06,24,21,0,45
2025-05-07T12:44:59,24,21,0,45
2025-05-07T12:52:52,24,21,0,45
2025-05-07T13:00:55,24,21,0,45
2025-05-07T13:08:47,24,21,0,45
2025-05-07T13:16:40,24,21,0,45
2025-05-07T13:24:33,24,21,0,45
2025-05-07T13:32:25,24,21,0,45
2025-05-07T13:40:17,24,21,0,45
2025-05-07T13:48:12,24,21,0,45
2025-05-07T13:56:04,24,21,0,45
2025-05-07T14:03:57,24,21,0,45
2025-05-07T14:11:49,24,21,0,45
2025-05-07T14:19:42,25,20,0,45
2025-05-07T14:27:35,25,20,0,45
2025-05-07T14:35:27,25,20,0,45
2025-05-07T14:43:20,25,20,0,45
2025-05-07T14:51:13,25,20,0,45
2025-05-07T14:59:06,25,20,0,45
2025-05-07T15:07:09,25,20,0,45
2025-05-07T15:15:02,25,20,0,45
2025-05-07T15:22:54,25,20,0,45
2025-05-07T15:30:49,25,20,0,45
2025-05-07T15:38:41,25,20,0,45
2025-05-07T15:46:34,25,20,0,45
2025-05-07T15:54:27,25,20,0,45
2025-05-07T16:02:21,25,20,0,45
2025-05-07T16:10:13,25,20,0,45
2025-05-07T16:18:07,25,20,0,45
2025-05-07T16:25:59,25,20,0,45
2025-05-07T16:33:52,25,20,0,45
2025-05-07T16:41:45,25,20,0,45
2025-05-07T16:49:50,25,20,0,45
2025-05-07T16:57:43,25,20,0,45
2025-05-07T17:05:36,25,20,0,45
2025-05-07T17:13:28,25,20,0,45
2025-05-07T17:21:21,25,20,0,45
2025-05-07T17:29:14,25,20,0,45
2025-05-07T17:37:07,25,20,0,45
2025-05-07T17:44:59,25,20,0,45
2025-05-07T17:52:52,25,20,0,45
2025-05-07T18:00:45,25,20,0,45
2025-05-07T18:08:38,25,20,0,45
2025-05-07T18:16:32,25,20,0,45
2025-05-07T18:24:24,25,20,0,45
2025-05-07T18:32:18,25,20,0,45
2025-05-07T18:40:11,25,20,0,45
2025-05-07T18:48:03,25,20,0,45
2025-05-07T18:55:56,25,20,0,45
2025-05-07T19:03:48,25,20,0,45
2025-05-07T19:11:41,25,20,0,45
2025-05-07T19:19:34,25,20,0,45
2025-05-07T19:27:37,25,20,0,45
2025-05-07T19:35:30,25,20,0,45
2025-05-07T19:43:23,25,20,0,45
2025-05-07T19:51:15,25,20,0,45
2025-05-07T19:59:08,25,20,0,45
2025-05-07T20:07:01,25,20,0,45
2025-05-07T20:14:54,25,20,0,45
2025-05-07T20:22:47,25,20,0,45
2025-05-07T20:30:39,25,20,0,45
2025-05-07T20:38:32,25,20,0,45
2025-05-07T20:46:25,25,20,0,45
2025-05-07T20:54:18,25,20,0,45
2025-05-07T21:02:11,25,20,0,45
2025-05-07T21:10:03,25,20,0,45
2025-05-07T21:17:56,25,20,0,45
2025-05-07T21:25:49,25,20,0,45
2025-05-07T21:33:42,25,20,0,45
2025-05-07T21:41:34,25,20,0,45
2025-05-07T21:49:27,25,20,0,45
2025-05-07T21:57:21,25,20,0,45
2025-05-07T22:05:14,25,20,0,45
2025-05-07T22:13:16,25,20,0,45
2025-05-07T22:21:09,25,20,0,45
2025-05-07T22:29:02,25,20,0,45
2025-05-07T22:36:55,25,20,0,45
2025-05-07T22:44:48,25,20,0,45
2025-05-07T22:52:42,25,20,0,45
2025-05-07T23:00:35,25,20,0,45
2025-05-07T23:08:28,25,20,0,45
2025-05-07T23:16:21,25,20,0,45
2025-05-07T23:24:14,25,20,0,45
2025-05-07T23:32:07,25,20,0,45
2025-05-07T23:40:00,25,20,0,45
2025-05-07T23:47:52,25,20,0,45
2025-05-07T23:55:45,25,20,0,45
2025-05-08T00:03:39,25,20,0,45
2025-05-08T00:11:32,25,20,0,45
2025-05-08T00:19:26,25,20,0,45
2025-05-08T00:27:21,25,20,0,45
2025-05-08T00:35:15,25,20,0,45
2025-05-08T00:43:10,25,20,0,45
2025-05-08T00:51:04,25,20,0,45
2025-05-08T00:58:57,25,20,0,45
2025-05-08T01:06:52,25,20,0,45
2025-05-08T01:14:46,25,20,0,45
2025-05-08T01:22:40,25,20,0,45
2025-05-08T01:30:34,25,20,0,45
2025-05-08T01:38:28,25,20,0,45
2025-05-08T01:46:22,25,20,0,45
2025-05-08T01:54:26,25,20,0,45
2025-05-08T02:02:20,25,20,0,45
2025-05-08T02:10:15,25,20,0,45
2025-05-08T02:18:08,25,20,0,45
2025-05-08T02:26:03,25,20,0,45
2025-05-08T02:33:58,25,20,0,45
2025-05-08T02:41:52,25,20,0,45
2025-05-08T02:50:13,25,20,0,45
2025-05-08T02:58:06,25,20,0,45
2025-05-08T03:06:01,25,20,0,45
2025-05-08T03:13:54,25,20,0,45
2025-05-08T03:21:48,25,20,0,45
2025-05-08T03:29:42,25,20,0,45
2025-05-08T03:37:35,25,20,0,45
2025-05-08T03:45:29,25,20,0,45
2025-05-08T03:53:22,25,20,0,45
2025-05-08T04:01:15,25,20,0,45
2025-05-08T04:26:06,25,20,0,45
2025-05-08T04:34:00,25,20,0,45
2025-05-08T04:41:53,25,20,0,45
2025-05-08T04:49:47,25,20,0,45
2025-05-08T04:57:41,25,20,0,45
2025-05-08T05:05:36,25,20,0,45
2025-05-08T05:13:29,25,20,0,45
2025-05-08T05:21:23,25,20,0,45
2025-05-08T05:29:16,25,20,0,45
2025-05-08T05:37:09,25,20,0,45
2025-05-08T05:45:04,25,20,0,45
2025-05-08T05:52:57,25,20,0,45
2025-05-08T06:00:51,25,20,0,45
2025-05-08T06:08:44,25,20,0,45
2025-05-08T06:16:38,25,20,0,45
2025-05-08T06:24:32,25,20,0,45
2025-05-08T06:32:25,25,20,0,45
2025-05-08T06:40:22,25,20,0,45
2025-05-08T06:48:16,25,20,0,45
2025-05-08T06:56:09,25,20,0,45
2025-05-08T07:04:03,25,20,0,45
2025-05-08T07:11:56,25,20,0,45
2025-05-08T07:19:50,25,20,0,45
2025-05-08T07:27:43,25,20,0,45
2025-05-08T07:35:36,25,20,0,45
2025-05-08T07:43:29,25,20,0,45
2025-05-08T07:51:22,25,20,0,45
2025-05-08T07:59:14,25,20,0,45
2025-05-08T08:07:07,25,20,0,45
2025-05-08T08:15:00,25,20,0,45
2025-05-08T08:22:53,25,20,0,45
2025-05-08T08:30:47,25,20,0,45
2025-05-08T08:38:39,25,20,0,45
2025-05-08T08:46:32,25,20,0,45
2025-05-08T08:54:26,25,20,0,45
2025-05-08T09:02:29,25,20,0,45
2025-05-08T09:10:22,25,20,0,45
2025-05-08T09:18:15,25,20,0,45
2025-05-08T09:26:07,25,20,0,45
2025-05-08T09:34:00,25,20,0,45
2025-05-08T09:41:52,25,20,0,45
2025-05-08T09:49:45,25,20,0,45
2025-05-08T09:57:38,25,20,0,45
2025-05-08T10:05:30,25,20,0,45
2025-05-08T10:13:23,25,20,0,45
2025-05-08T10:21:16,25,20,0,45
2025-05-08T10:29:08,25,20,0,45
2025-05-08T10:37:01,25,20,0,45
2025-05-08T10:44:54,25,20,0,45
2025-05-08T10:52:46,25,20,0,45
2025-05-08T11:00:39,25,20,0,45
2025-05-08T11:08:32,25,20,0,45
2025-05-08T11:16:25,25,20,0,45
2025-05-08T11:24:31,25,20,0,45
2025-05-08T11:32:23,25,20,0,45
2025-05-08T11:40:16,25,20,0,45
2025-05-08T11:48:09,25,20,0,45
2025-05-08T11:56:01,25,20,0,45
2025-05-08T12:03:54,25,20,0,45
2025-05-08T12:11:46,25,20,0,45
2025-05-08T12:19:39,25,20,0,45
2025-05-08T12:27:34,25,20,0,45
2025-05-08T12:35:26,25,20,0,45
2025-05-08T12:43:19,25,20,0,45
2025-05-08T12:51:12,25,20,0,45
2025-05-08T12:59:04,25,20,0,45
2025-05-08T13:06:57,25,20,0,45
2025-05-08T13:15:01,25,20,0,45
2025-05-08T13:22:53,25,20,0,45
2025-05-08T13:30:46,25,20,0,45
2025-05-08T13:38:38,25,20,0,45
2025-05-08T13:46:31,25,20,0,45
2025-05-08T13:54:24,25,20,0,45
2025-05-08T14:02:17,25,20,0,45
2025-05-08T14:10:09,25,20,0,45
2025-05-08T14:18:02,25,20,0,45
2025-05-08T14:25:55,25,20,0,45
2025-05-08T14:33:47,25,20,0,45
2025-05-08T14:41:40,25,20,0,45
2025-05-08T14:49:33,25,20,0,45
2025-05-08T14:57:25,25,20,0,45
2025-05-08T15:05:31,25,20,0,45
2025-05-08T15:13:23,25,20,0,45
2025-05-08T15:21:16,25,20,0,45
2025-05-08T15:29:08,25,20,0,45
2025-05-08T15:37:01,25,20,0,45
2025-05-08T15:44:53,25,20,0,45
2025-05-08T15:52:46,25,20,0,45
2025-05-08T16:00:38,25,20,0,45
2025-05-08T16:08:32,25,20,0,45
2025-05-08T16:16:24,25,20,0,45
2025-05-08T16:24:17,25,20,0,45
2025-05-08T16:32:09,25,20,0,45
2025-05-08T16:40:02,25,20,0,45
2025-05-08T16:47:55,25,20,0,45
2025-05-08T16:55:48,25,20,0,45
2025-05-08T17:03:54,25,20,0,45
2025-05-08T17:11:48,25,20,0,45
2025-05-08T17:19:41,25,20,0,45
2025-05-08T17:27:35,25,20,0,45
2025-05-08T17:35:27,25,20,0,45
2025-05-08T17:43:20,25,20,0,45
2025-05-08T17:51:13,25,20,0,45
2025-05-08T17:59:06,25,20,0,45
2025-05-08T18:07:00,25,20,0,45
2025-05-08T18:14:53,25,20,0,45
2025-05-08T18:22:45,25,20,0,45
2025-05-08T18:30:39,25,20,0,45
2025-05-08T18:38:32,25,20,0,45
2025-05-08T18:46:25,25,20,0,45
2025-05-08T18:54:17,25,20,0,45
2025-05-08T19:02:10,25,20,0,45
2025-05-08T19:10:03,25,20,0,45
2025-05-08T19:17:56,25,20,0,45
2025-05-08T19:25:49,25,20,0,45
2025-05-08T19:33:51,25,20,0,45
2025-05-08T19:41:44,25,20,0,45
2025-05-08T19:49:37,25,20,0,45
2025-05-08T19:57:30,25,20,0,45
2025-05-08T20:05:23,25,20,0,45
2025-05-08T20:13:15,25,20,0,45
2025-05-08T20:21:08,25,20,0,45
2025-05-08T20:29:01,25,20,0,45
2025-05-08T20:36:54,25,20,0,45
2025-05-08T20:44:46,25,20,0,45
2025-05-08T20:52:39,25,20,0,45
2025-05-08T21:00:31,25,20,0,45
2025-05-08T21:08:24,25,20,0,45
2025-05-08T21:16:17,25,20,0,45
2025-05-08T21:24:09,25,20,0,45
2025-05-08T21:32:02,25,20,0,45
2025-05-08T21:39:55,25,20,0,45
2025-05-08T21:47:48,25,20,0,45
2025-05-08T21:55:41,25,20,0,45
2025-05-08T22:03:34,25,20,0,45
2025-05-08T22:11:26,25,20,0,45
2025-05-08T22:19:19,25,20,0,45
2025-05-08T22:27:12,25,20,0,45
2025-05-08T22:35:14,25,20,0,45
2025-05-08T22:43:07,25,20,0,45
2025-05-08T22:51:00,25,20,0,45
2025-05-08T22:58:53,25,20,0,45
2025-05-08T23:06:46,25,20,0,45
2025-05-08T23:14:39,25,20,0,45
2025-05-08T23:22:32,25,20,0,45
2025-05-08T23:30:25,25,20,0,45
2025-05-08T23:38:18,25,20,0,45
2025-05-08T23:46:10,25,20,0,45
2025-05-08T23:54:03,25,20,0,45
2025-05-09T00:01:57,25,20,0,45
2025-05-09T00:09:50,25,20,0,45
2025-05-09T00:17:45,25,20,0,45
2025-05-09T00:25:38,25,20,0,45
2025-05-09T00:33:33,25,20,0,45
2025-05-09T00:41:27,25,20,0,45
2025-05-09T00:49:22,25,20,0,45
2025-05-09T00:57:16,25,20,0,45
2025-05-09T01:05:11,25,20,0,45
2025-05-09T01:13:06,25,20,0,45
2025-05-09T01:20:59,25,20,0,45
2025-05-09T01:28:53,25,20,0,45
2025-05-09T01:36:48,25,20,0,45
2025-05-09T01:44:42,25,20,0,45
2025-05-09T01:52:36,25,20,0,45
2025-05-09T02:00:30,25,20,0,45
2025-05-09T02:08:24,25,20,0,45
2025-05-09T02:16:18,25,20,0,45
2025-05-09T02:24:22,25,20,0,45
2025-05-09T02:32:16,25,20,0,45
2025-05-09T02:40:16,25,20,0,45
2025-05-09T02:48:11,25,20,0,45
2025-05-09T02:56:04,25,20,0,45
2025-05-09T03:03:58,25,20,0,45
2025-05-09T03:11:53,25,20,0,45
2025-05-09T03:19:47,25,20,0,45
2025-05-09T03:27:40,25,20,0,45
2025-05-09T03:35:34,25,20,0,45
2025-05-09T03:43:27,25,20,0,45
2025-05-09T03:51:31,25,20,0,45
2025-05-09T03:59:25,25,20,0,45
2025-05-09T04:07:19,25,20,0,45
2025-05-09T04:32:11,25,20,0,45
2025-05-09T04:40:24,25,20,0,45
2025-05-09T04:48:18,25,20,0,45
2025-05-09T04:56:11,25,20,0,45
2025-05-09T05:04:05,25,20,0,45
2025-05-09T05:11:58,25,20,0,45
2025-05-09T05:19:52,25,20,0,45
2025-05-09T05:27:46,25,20,0,45
2025-05-09T05:35:40,25,20,0,45
2025-05-09T05:43:34,25,20,0,45
2025-05-09T05:51:27,25,20,0,45
2025-05-09T05:59:21,25,20,0,45
2025-05-09T06:07:15,25,20,0,45
2025-05-09T06:15:08,25,20,0,45
2025-05-09T06:23:03,25,20,0,45
2025-05-09T06:30:58,25,20,0,45
2025-05-09T06:38:53,25,20,0,45
2025-05-09T06:46:46,25,20,0,45
2025-05-09T06:54:40,25,20,0,45
2025-05-09T07:02:33,25,20,0,45
2025-05-09T07:10:27,25,20,0,45
2025-05-09T07:18:20,25,20,0,45
2025-05-09T07:26:14,25,20,0,45
2025-05-09T07:34:08,25,20,0,45
2025-05-09T07:42:01,25,20,0,45
2025-05-09T07:49:56,25,20,0,45
2025-05-09T07:57:49,25,20,0,45
2025-05-09T08:05:43,25,20,0,45
2025-05-09T08:13:35,25,20,0,45
2025-05-09T08:21:28,25,20,0,45
2025-05-09T08:29:22,25,20,0,45
2025-05-09T08:37:15,25,20,0,45
2025-05-09T08:45:11,25,20,0,45
2025-05-09T08:53:04,25,20,0,45
2025-05-09T09:00:57,25,20,0,45
2025-05-09T09:08:50,25,20,0,45
2025-05-09T09:16:52,25,20,0,45
2025-05-09T09:24:45,25,20,0,45
2025-05-09T09:32:38,25,20,0,45
2025-05-09T09:40:30,25,20,0,45
2025-05-09T09:48:23,25,20,0,45
2025-05-09T09:56:16,25,20,0,45
2025-05-09T10:04:08,25,20,0,45
2025-05-09T10:12:01,25,20,0,45
2025-05-09T10:19:53,25,20,0,45
2025-05-09T10:27:46,25,20,0,45
2025-05-09T10:35:39,25,20,0,45
2025-05-09T10:43:32,25,20,0,45
2025-05-09T10:51:24,25,20,0,45
2025-05-09T10:59:17,25,20,0,45
2025-05-09T11:07:09,25,20,0,45
2025-05-09T11:15:02,25,20,0,45
2025-05-09T11:22:54,25,20,0,45
2025-05-09T11:30:47,25,20,0,45
2025-05-09T11:38:39,25,20,0,45
2025-05-09T11:46:40,25,20,0,45
2025-05-09T11:54:33,25,20,0,45
2025-05-09T12:02:37,25,20,0,45
2025-05-09T12:10:30,25,20,0,45
2025-05-09T12:18:23,25,20,0,45
2025-05-09T12:26:16,25,20,0,45
2025-05-09T12:34:09,25,20,0,45
2025-05-09T12:42:02,25,20,0,45
2025-05-09T12:49:54,25,20,0,45
2025-05-09T12:57:47,25,20,0,45
2025-05-09T13:05:40,25,20,0,45
2025-05-09T13:13:32,25,20,0,45
2025-05-09T13:21:25,25,20,0,45
2025-05-09T13:29:17,25,20,0,45
2025-05-09T13:37:10,25,20,0,45
2025-05-09T13:45:02,25,20,0,45
2025-05-09T13:52:55,25,20,0,45
2025-05-09T14:00:47,25,20,0,45
2025-05-09T14:08:50,25,20,0,45
2025-05-09T14:16:42,25,20,0,45
2025-05-09T14:24:35,25,20,0,45
2025-05-09T14:32:28,25,20,0,45
2025-05-09T14:40:21,25,20,0,45
2025-05-09T14:48:14,25,20,0,45
2025-05-09T14:56:06,25,20,0,45
2025-05-09T15:03:59,25,20,0,45
2025-05-09T15:11:51,25,20,0,45
2025-05-09T15:19:44,25,20,0,45
2025-05-09T15:27:38,25,20,0,45
2025-05-09T15:35:30,25,20,0,45
2025-05-09T15:43:22,25,20,0,45
2025-05-09T15:51:15,25,20,0,45
2025-05-09T15:59:07,25,20,0,45
2025-05-09T16:07:00,25,20,0,45
2025-05-09T16:14:52,25,20,0,45
2025-05-09T16:22:55,25,20,0,45
2025-05-09T16:30:48,25,20,0,45
2025-05-09T16:38:40,25,20,0,45
2025-05-09T16:46:33,25,20,0,45
2025-05-09T16:54:25,25,20,0,45
2025-05-09T17:02:18,25,20,0,45
2025-05-09T17:10:11,25,20,0,45
2025-05-09T17:18:04,25,20,0,45
2025-05-09T17:25:56,25,20,0,45
2025-05-09T17:33:49,25,20,0,45
2025-05-09T17:41:41,25,20,0,45
2025-05-09T17:49:34,25,20,0,45
2025-05-09T17:57:26,25,20,0,45
2025-05-09T18:05:19,25,20,0,45
2025-05-09T18:13:11,25,20,0,45
2025-05-09T18:21:15,25,20,0,45
2025-05-09T18:29:07,25,20,0,45
2025-05-09T18:37:13,25,20,0,45
2025-05-09T18:45:06,25,20,0,45
2025-05-09T18:52:59,25,20,0,45
2025-05-09T19:00:51,25,20,0,45
2025-05-09T19:08:44,25,20,0,45
2025-05-09T19:16:37,25,20,0,45
2025-05-09T19:24:29,25,20,0,45
2025-05-09T19:32:22,25,20,0,45
2025-05-09T19:40:15,25,20,0,45
2025-05-09T19:48:07,25,20,0,45
2025-05-09T19:56:00,25,20,0,45
2025-05-09T20:03:53,25,20,0,45
2025-05-09T20:11:46,25,20,0,45
2025-05-09T20:19:39,25,20,0,45
2025-05-09T20:27:32,25,20,0,45
2025-05-09T20:35:25,25,20,0,45
2025-05-09T20:43:17,25,20,0,45
2025-05-09T20:51:10,25,20,0,45
2025-05-09T20:59:03,25,20,0,45
2025-05-09T21:06:55,25,20,0,45
2025-05-09T21:14:48,25,20,0,45
2025-05-09T21:22:41,25,20,0,45
2025-05-09T21:30:33,25,20,0,45
2025-05-09T21:38:26,25,20,0,45
2025-05-09T21:46:18,25,20,0,45
2025-05-09T21:54:11,25,20,0,45
2025-05-09T22:02:14,25,20,0,45
2025-05-09T22:10:07,25,20,0,45
2025-05-09T22:17:59,25,20,0,45
2025-05-09T22:25:52,25,20,0,45
2025-05-09T22:33:44,25,20,0,45
2025-05-09T22:41:37,25,20,0,45
2025-05-09T22:49:31,25,20,0,45
2025-05-09T22:57:25,25,20,0,45
2025-05-09T23:05:18,25,20,0,45
2025-05-09T23:13:11,25,20,0,45
2025-05-09T23:21:05,25,20,0,45
2025-05-09T23:28:58,25,20,0,45
2025-05-09T23:36:51,25,20,0,45
2025-05-09T23:44:44,25,20,0,45
2025-05-09T23:52:37,25,20,0,45
2025-05-10T00:00:29,25,20,0,45
2025-05-10T00:08:23,25,20,0,45
2025-05-10T00:16:22,25,20,0,45
2025-05-10T00:24:16,25,20,0,45
2025-05-10T00:32:10,25,20,0,45
2025-05-10T00:40:13,25,20,0,45
2025-05-10T00:48:20,25,20,0,45
2025-05-10T00:56:29,25,20,0,45
2025-05-10T01:04:33,25,20,0,45
2025-05-10T01:12:47,25,20,0,45
2025-05-10T01:20:49,25,20,0,45
2025-05-10T01:28:42,25,20,0,45
2025-05-10T01:36:36,25,20,0,45
2025-05-10T01:44:30,25,20,0,45
2025-05-10T01:52:24,25,20,0,45
2025-05-10T02:00:17,25,20,0,45
2025-05-10T02:08:11,25,20,0,45
2025-05-10T02:16:04,25,20,0,45
2025-05-10T02:24:03,25,20,0,45
2025-05-10T02:31:57,25,20,0,45
2025-05-10T02:40:04,25,20,0,45
2025-05-10T02:47:58,25,20,0,45
2025-05-10T02:55:51,25,20,0,45
2025-05-10T03:03:44,25,20,0,45
2025-05-10T03:11:37,25,20,0,45
2025-05-10T03:19:31,25,20,0,45
2025-05-10T03:27:24,25,20,0,45
2025-05-10T03:35:17,25,20,0,45
2025-05-10T03:43:11,25,20,0,45
2025-05-10T03:51:04,25,20,0,45
2025-05-10T04:00:59,25,20,0,45
2025-05-10T04:09:10,25,20,0,45
2025-05-10T04:17:03,25,20,0,45
2025-05-10T04:38:05,25,20,0,45
2025-05-10T04:45:58,25,20,0,45
2025-05-10T04:53:52,25,20,0,45
2025-05-10T05:01:46,25,20,0,45
2025-05-10T05:09:40,25,20,0,45
2025-05-10T05:17:34,25,20,0,45
2025-05-10T05:25:28,25,20,0,45
2025-05-10T05:33:21,25,20,0,45
2025-05-10T05:41:15,25,20,0,45
2025-05-10T05:49:08,25,20,0,45
2025-05-10T05:57:01,25,20,0,45
2025-05-10T06:04:55,25,20,0,45
2025-05-10T06:12:49,25,20,0,45
2025-05-10T06:20:43,25,20,0,45
2025-05-10T06:28:36,25,20,0,45
2025-05-10T06:36:33,25,20,0,45
2025-05-10T06:44:27,25,20,0,45
2025-05-10T06:52:20,25,20,0,45
2025-05-10T07:00:14,25,20,0,45
2025-05-10T07:08:09,25,20,0,45
2025-05-10T07:16:02,25,20,0,45
2025-05-10T07:24:07,25,20,0,45
2025-05-10T07:32:01,25,20,0,45
2025-05-10T07:39:54,25,20,0,45
2025-05-10T07:47:47,25,20,0,45
2025-05-10T07:55:40,25,20,0,45
2025-05-10T08:03:33,25,20,0,45
2025-05-10T08:11:26,25,20,0,45
2025-05-10T08:19:18,25,20,0,45
2025-05-10T08:27:12,25,20,0,45
2025-05-10T08:35:05,25,20,0,45
2025-05-10T08:42:58,25,20,0,45
2025-05-10T08:50:51,25,20,0,45
2025-05-10T08:58:43,25,20,0,45
2025-05-10T09:06:37,25,20,0,45
2025-05-10T09:14:29,25,20,0,45
2025-05-10T09:22:22,25,20,0,45
2025-05-10T09:30:15,25,20,0,45
2025-05-10T09:38:08,25,20,0,45
2025-05-10T09:46:01,25,20,0,45
2025-05-10T09:53:53,25,20,0,45
2025-05-10T10:01:46,25,20,0,45
2025-05-10T10:09:39,25,20,0,45
2025-05-10T10:17:32,25,20,0,45
2025-05-10T10:25:24,25,20,0,45
2025-05-10T10:33:17,25,20,0,45
2025-05-10T10:41:20,25,20,0,45
2025-05-10T10:49:12,25,20,0,45
2025-05-10T10:57:15,25,20,0,45
2025-05-10T11:05:18,25,20,0,45
2025-05-10T11:13:27,25,20,0,45
2025-05-10T11:21:31,25,20,0,45
2025-05-10T11:29:35,25,20,0,45
2025-05-10T11:37:38,25,20,0,45
2025-05-10T11:45:32,25,20,0,45
2025-05-10T11:53:24,25,20,0,45
2025-05-10T12:01:17,25,20,0,45
2025-05-10T12:09:10,25,20,0,45
2025-05-10T12:17:02,25,20,0,45
2025-05-10T12:24:55,25,20,0,45
2025-05-10T12:32:48,25,20,0,45
2025-05-10T12:40:40,25,20,0,45
2025-05-10T12:48:33,25,20,0,45
2025-05-10T12:56:25,25,20,0,45
2025-05-10T13:04:18,25,20,0,45
2025-05-10T13:12:11,25,20,0,45
2025-05-10T13:20:03,25,20,0,45
2025-05-10T13:27:56,25,20,0,45
2025-05-10T13:35:48,25,20,0,45
2025-05-10T13:43:41,25,20,0,45
2025-05-10T13:51:43,25,20,0,45
2025-05-10T13:59:35,25,20,0,45
2025-05-10T14:07:28,25,20,0,45
2025-05-10T14:15:20,25,20,0,45
2025-05-10T14:23:13,25,20,0,45
2025-05-10T14:31:05,25,20,0,45
2025-05-10T14:38:58,25,20,0,45
2025-05-10T14:46:50,25,20,0,45
2025-05-10T14:54:43,25,20,0,45
2025-05-10T15:02:36,25,20,0,45
2025-05-10T15:10:28,25,20,0,45
2025-05-10T15:18:21,25,20,0,45
2025-05-10T15:26:13,25,20,0,45
2025-05-10T15:34:06,25,20,0,45
2025-05-10T15:41:59,25,20,0,45
2025-05-10T15:49:51,25,20,0,45
2025-05-10T15:57:44,25,20,0,45
2025-05-10T16:05:36,25,20,0,45
2025-05-10T16:13:29,25,20,0,45
2025-05-10T16:21:22,25,20,0,45
2025-05-10T16:29:14,25,20,0,45
2025-05-10T16:37:07,25,20,0,45
2025-05-10T16:45:00,25,20,0,45
2025-05-10T16:53:03,25,20,0,45
2025-05-10T17:00:55,25,20,0,45
2025-05-10T17:08:48,25,20,0,45
2025-05-10T17:16:41,25,20,0,45
2025-05-10T17:24:33,25,20,0,45
2025-05-10T17:32:26,25,20,0,45
2025-05-10T17:40:18,25,20,0,45
2025-05-10T17:48:11,25,20,0,45
2025-05-10T17:56:03,25,20,0,45
2025-05-10T18:03:57,25,20,0,45
2025-05-10T18:11:50,25,20,0,45
2025-05-10T18:19:45,25,20,0,45
2025-05-10T18:27:38,25,20,0,45
2025-05-10T18:35:31,25,20,0,45
2025-05-10T18:43:24,25,20,0,45
2025-05-10T18:51:17,25,20,0,45
2025-05-10T18:59:09,25,20,0,45
2025-05-10T19:07:02,25,20,0,45
2025-05-10T19:14:55,25,20,0,45
2025-05-10T19:22:47,25,20,0,45
2025-05-10T19:30:40,25,20,0,45
2025-05-10T19:38:33,25,20,0,45
2025-05-10T19:46:25,25,20,0,45
2025-05-10T19:54:18,25,20,0,45
2025-05-10T20:02:11,25,20,0,45
2025-05-10T20:10:03,25,20,0,45
2025-05-10T20:17:56,25,20,0,45
2025-05-10T20:25:49,25,20,0,45
2025-05-10T20:33:41,25,20,0,45
2025-05-10T20:41:34,25,20,0,45
2025-05-10T20:49:35,25,20,0,45
2025-05-10T20:57:28,25,20,0,45
2025-05-10T21:05:21,25,20,0,45
2025-05-10T21:13:13,25,20,0,45
2025-05-10T21:21:06,25,20,0,45
2025-05-10T21:28:58,25,20,0,45
2025-05-10T21:36:51,25,20,0,45
2025-05-10T21:44:44,25,20,0,45
2025-05-10T21:52:37,25,20,0,45
2025-05-10T22:00:29,25,20,0,45
2025-05-10T22:08:22,25,20,0,45
2025-05-10T22:16:14,25,20,0,45
2025-05-10T22:24:07,25,20,0,45
2025-05-10T22:32:00,25,20,0,45
2025-05-10T22:39:53,25,20,0,45
2025-05-10T22:47:46,25,20,0,45
2025-05-10T22:55:39,25,20,0,45
2025-05-10T23:03:32,25,20,0,45
2025-05-10T23:11:25,25,20,0,45
2025-05-10T23:19:18,25,20,0,45
2025-05-10T23:27:10,25,20,0,45
2025-05-10T23:35:03,25,20,0,45
2025-05-10T23:42:56,25,20,0,45
2025-05-10T23:50:48,25,20,0,45
2025-05-10T23:58:42,25,20,0,45
2025-05-11T00:06:36,25,20,0,45
2025-05-11T00:14:29,25,20,0,45
2025-05-11T00:22:23,25,20,0,45
2025-05-11T00:30:27,25,20,0,45
2025-05-11T00:38:21,25,20,0,45
2025-05-11T00:46:16,25,20,0,45
2025-05-11T00:54:09,25,20,0,45
2025-05-11T01:02:03,25,20,0,45
2025-05-11T01:09:57,25,20,0,45
2025-05-11T01:17:50,25,20,0,45
2025-05-11T01:25:44,25,20,0,45
2025-05-11T01:33:38,25,20,0,45
2025-05-11T01:41:31,25,20,0,45
2025-05-11T01:49:24,25,20,0,45
2025-05-11T01:57:17,25,20,0,45
2025-05-11T02:05:11,25,20,0,45
2025-05-11T02:13:05,25,20,0,45
2025-05-11T02:20:58,25,20,0,45
2025-05-11T02:28:51,25,20,0,45
2025-05-11T02:36:44,25,20,0,45
2025-05-11T02:44:37,25,20,0,45
2025-05-11T02:52:30,25,20,0,45
2025-05-11T03:00:23,25,20,0,45
2025-05-11T03:08:15,25,20,0,45
2025-05-11T03:16:09,25,20,0,45
2025-05-11T03:24:02,25,20,0,45
2025-05-11T03:31:55,25,20,0,45
2025-05-11T03:39:48,25,20,0,45
2025-05-11T03:47:41,25,20,0,45
2025-05-11T03:55:34,25,20,0,45
2025-05-11T04:03:43,25,20,0,45
2025-05-11T04:25:54,25,20,0,45
2025-05-11T04:33:50,25,20,0,45
2025-05-11T04:41:45,25,20,0,45
2025-05-11T04:49:39,25,20,0,45
2025-05-11T04:57:33,25,20,0,45
2025-05-11T05:05:27,25,20,0,45
2025-05-11T05:13:22,25,20,0,45
2025-05-11T05:21:25,25,20,0,45
2025-05-11T05:29:20,25,20,0,45
2025-05-11T05:37:14,25,20,0,45
2025-05-11T05:45:09,25,20,0,45
2025-05-11T05:53:03,25,20,0,45
2025-05-11T06:00:56,25,20,0,45
2025-05-11T06:08:50,25,20,0,45
2025-05-11T06:16:44,25,20,0,45
2025-05-11T06:24:37,25,20,0,45
2025-05-11T06:32:31,25,20,0,45
2025-05-11T06:40:25,25,20,0,45
2025-05-11T06:48:19,25,20,0,45
2025-05-11T06:56:13,25,20,0,45
2025-05-11T07:04:06,25,20,0,45
2025-05-11T07:12:02,25,20,0,45
2025-05-11T07:19:56,25,20,0,45
2025-05-11T07:27:51,25,20,0,45
2025-05-11T07:35:46,25,20,0,45
2025-05-11T07:43:40,25,20,0,45
2025-05-11T07:51:35,25,20,0,45
2025-05-11T07:59:30,25,20,0,45
2025-05-11T08:07:24,25,20,0,45
2025-05-11T08:15:18,25,20,0,45
2025-05-11T08:23:11,25,20,0,45
2025-05-11T08:31:07,25,20,0,45
2025-05-11T08:39:00,25,20,0,45
2025-05-11T08:46:53,25,20,0,45
2025-05-11T08:54:45,25,20,0,45
2025-05-11T09:02:38,25,20,0,45
2025-05-11T09:10:32,25,20,0,45
2025-05-11T09:18:25,25,20,0,45
2025-05-11T09:26:19,25,20,0,45
2025-05-11T09:34:11,25,20,0,45
2025-05-11T09:42:05,25,20,0,45
2025-05-11T09:49:58,25,20,0,45
2025-05-11T09:57:52,25,20,0,45
2025-05-11T10:05:45,25,20,0,45
2025-05-11T10:13:39,25,20,0,45
2025-05-11T10:21:41,25,20,0,45
2025-05-11T10:29:34,25,20,0,45
2025-05-11T10:37:27,25,20,0,45
2025-05-11T10:45:21,25,20,0,45
2025-05-11T10:53:14,25,20,0,45
2025-05-11T11:01:09,25,20,0,45
2025-05-11T11:09:02,25,20,0,45
2025-05-11T11:16:55,25,20,0,45
2025-05-11T11:24:48,25,20,0,45
2025-05-11T11:32:41,25,20,0,45
2025-05-11T11:40:34,25,20,0,45
2025-05-11T11:48:27,25,20,0,45
2025-05-11T11:56:19,25,20,0,45
2025-05-11T12:04:13,25,20,0,45
2025-05-11T12:12:05,25,20,0,45
2025-05-11T12:19:58,25,20,0,45
2025-05-11T12:27:51,25,20,0,45
2025-05-11T12:35:43,25,20,0,45
2025-05-11T12:43:36,25,20,0,45
2025-05-11T12:51:28,25,20,0,45
2025-05-11T12:59:21,25,20,0,45
2025-05-11T13:07:14,25,20,0,45
2025-05-11T13:15:06,25,20,0,45
2025-05-11T13:22:59,25,20,0,45
2025-05-11T13:31:02,25,20,0,45
2025-05-11T13:38:54,25,20,0,45
2025-05-11T13:46:47,25,20,0,45
2025-05-11T13:54:39,25,20,0,45
2025-05-11T14:02:31,25,20,0,45
2025-05-11T14:10:24,25,20,0,45
2025-05-11T14:18:17,25,20,0,45
2025-05-11T14:26:09,25,20,0,45
2025-05-11T14:34:02,25,20,0,45
2025-05-11T14:41:54,25,20,0,45
2025-05-11T14:49:47,25,20,0,45
2025-05-11T14:57:39,25,20,0,45
2025-05-11T15:05:32,25,20,0,45
2025-05-11T15:13:25,25,20,0,45
2025-05-11T15:21:17,25,20,0,45
2025-05-11T15:29:10,25,20,0,45
2025-05-11T15:37:02,25,20,0,45
2025-05-11T15:44:56,25,20,0,45
2025-05-11T15:52:48,25,20,0,45
2025-05-11T16:00:41,25,20,0,45
2025-05-11T16:08:34,25,20,0,45
2025-05-11T16:16:27,25,20,0,45
2025-05-11T16:24:31,25,20,0,45
2025-05-11T16:32:23,25,20,0,45
2025-05-11T16:40:16,25,20,0,45
2025-05-11T16:48:08,25,20,0,45
2025-05-11T16:56:01,25,20,0,45
2025-05-11T17:03:54,25,20,0,45
2025-05-11T17:11:47,25,20,0,45
2025-05-11T17:19:41,25,20,0,45
2025-05-11T17:27:33,25,20,0,45
2025-05-11T17:35:26,25,20,0,45
2025-05-11T17:43:18,25,20,0,45
2025-05-11T17:51:11,25,20,0,45
2025-05-11T17:59:04,25,20,0,45
2025-05-11T18:06:57,25,20,0,45
2025-05-11T18:14:51,25,20,0,45
2025-05-11T18:22:44,25,20,0,45
2025-05-11T18:30:36,25,20,0,45
2025-05-11T18:38:29,25,20,0,45
2025-05-11T18:46:22,25,20,0,45
2025-05-11T18:54:15,25,20,0,45
2025-05-11T19:02:08,25,20,0,45
2025-05-11T19:10:00,25,20,0,45
2025-05-11T19:17:53,25,20,0,45
2025-05-11T19:25:46,25,20,0,45
2025-05-11T19:33:39,25,20,0,45
2025-05-11T19:41:42,25,20,0,45
2025-05-11T19:49:34,25,20,0,45
2025-05-11T19:57:27,25,20,0,45
2025-05-11T20:05:20,25,20,0,45
2025-05-11T20:13:12,25,20,0,45
2025-05-11T20:21:05,25,20,0,45
2025-05-11T20:28:57,25,20,0,45
2025-05-11T20:36:49,25,20,0,45
2025-05-11T20:44:42,25,20,0,45
2025-05-11T20:52:35,25,20,0,45
2025-05-11T21:00:27,25,20,0,45
2025-05-11T21:08:20,25,20,0,45
2025-05-11T21:16:13,25,20,0,45
2025-05-11T21:24:05,25,20,0,45
2025-05-11T21:31:58,25,20,0,45
2025-05-11T21:39:51,25,20,0,45
2025-05-11T21:47:44,25,20,0,45
2025-05-11T21:55:37,25,20,0,45
2025-05-11T22:03:29,25,20,0,45
2025-05-11T22:11:22,25,20,0,45
2025-05-11T22:19:14,25,20,0,45
2025-05-11T22:27:07,25,20,0,45
2025-05-11T22:35:00,25,20,0,45
2025-05-11T22:42:52,25,20,0,45
2025-05-11T22:50:45,25,20,0,45
2025-05-11T22:58:49,25,20,0,45
2025-05-11T23:06:42,25,20,0,45
2025-05-11T23:14:35,25,20,0,45
2025-05-11T23:22:29,25,20,0,45
2025-05-11T23:30:22,25,20,0,45
2025-05-11T23:38:15,25,20,0,45
2025-05-11T23:46:07,25,20,0,45
2025-05-11T23:54:00,25,20,0,45
2025-05-12T00:01:57,25,20,0,45
2025-05-12T00:09:51,25,20,0,45
2025-05-12T00:18:04,25,20,0,45
2025-05-12T00:25:58,25,20,0,45
2025-05-12T00:33:52,25,20,0,45
2025-05-12T00:41:45,25,20,0,45
2025-05-12T00:49:42,25,20,0,45
2025-05-12T00:57:36,25,20,0,45
2025-05-12T01:05:31,25,20,0,45
2025-05-12T01:13:25,25,20,0,45
2025-05-12T01:21:18,25,20,0,45
2025-05-12T01:29:11,25,20,0,45
2025-05-12T01:37:05,25,20,0,45
2025-05-12T01:44:58,25,20,0,45
2025-05-12T01:52:52,25,20,0,45
2025-05-12T02:00:45,25,20,0,45
2025-05-12T02:08:51,25,20,0,45
2025-05-12T02:16:45,25,20,0,45
2025-05-12T02:24:39,25,20,0,45
2025-05-12T02:32:32,25,20,0,45
2025-05-12T02:40:25,25,20,0,45
2025-05-12T02:48:18,25,20,0,45
2025-05-12T02:56:11,25,20,0,45
2025-05-12T03:04:04,25,20,0,45
2025-05-12T03:11:57,25,20,0,45
2025-05-12T03:19:50,25,20,0,45
2025-05-12T03:27:43,25,20,0,45
2025-05-12T03:35:37,25,20,0,45
2025-05-12T03:43:40,25,20,0,45
2025-05-12T03:51:34,25,20,0,45
2025-05-12T03:59:27,25,20,0,45
2025-05-12T04:07:21,25,20,0,45
2025-05-12T04:15:16,25,20,0,45
2025-05-14T10:15:01,26,19,0,45
2025-05-14T10:22:55,26,19,0,45
2025-05-14T10:30:50,26,19,0,45
2025-05-14T10:38:45,26,19,0,45
2025-05-14T10:46:40,26,19,0,45
2025-05-14T10:54:34,26,19,0,45
2025-05-14T11:02:29,26,19,0,45
2025-05-14T11:10:24,26,19,0,45
2025-05-14T11:18:19,26,19,0,45
2025-05-14T11:26:15,26,19,0,45
2025-05-14T11:34:10,26,19,0,45
2025-05-14T11:42:04,26,19,0,45
2025-05-14T11:49:59,26,19,0,45
2025-05-14T11:57:53,26,19,0,45
2025-05-14T12:05:49,26,19,0,45
2025-05-14T12:13:44,26,19,0,45
2025-05-14T12:21:56,26,19,0,45
2025-05-14T12:29:50,26,19,0,45
2025-05-14T12:37:45,26,19,0,45
2025-05-14T12:45:40,26,19,0,45
2025-05-14T12:53:34,26,19,0,45
2025-05-14T13:02:14,26,19,0,45
2025-05-14T13:10:08,26,19,0,45
2025-05-14T13:18:03,26,19,0,45
2025-05-14T13:25:57,26,19,0,45
2025-05-14T13:33:53,26,19,0,45
2025-05-14T13:41:48,26,19,0,45
2025-05-14T13:49:43,26,19,0,45
2025-05-14T13:57:46,26,19,0,45
2025-05-14T14:05:41,26,19,0,45
2025-05-14T14:13:36,26,19,0,45
2025-05-14T14:21:31,26,19,0,45
2025-05-14T14:29:25,26,19,0,45
2025-05-14T14:37:20,26,19,0,45
2025-05-14T14:45:15,26,19,0,45
2025-05-14T14:53:10,26,19,0,45
2025-05-14T15:01:04,26,19,0,45
2025-05-14T15:09:00,26,19,0,45
2025-05-14T15:16:54,26,19,0,45
2025-05-14T15:24:49,26,19,0,45
2025-05-14T15:32:59,26,19,0,45
2025-05-14T15:40:54,26,19,0,45
2025-05-14T15:48:49,26,19,0,45
2025-05-14T15:56:43,26,19,0,45
2025-05-14T16:04:38,26,19,0,45
2025-05-14T16:12:33,26,19,0,45
2025-05-14T16:20:28,26,19,0,45
2025-05-14T16:28:23,26,19,0,45
2025-05-14T16:36:18,26,19,0,45
2025-05-14T16:44:14,26,19,0,45
2025-05-14T16:52:09,26,19,0,45
2025-05-14T17:00:04,26,19,0,45
2025-05-14T17:08:00,26,19,0,45
2025-05-14T17:15:55,26,19,0,45
2025-05-14T17:23:51,26,19,0,45
2025-05-14T17:31:46,26,19,0,45
2025-05-14T17:39:40,26,19,0,45
2025-05-14T17:47:35,26,19,0,45
2025-05-14T17:55:30,26,19,0,45
2025-05-14T18:03:34,26,19,0,45
2025-05-14T18:11:29,26,19,0,45
2025-05-14T18:19:24,26,19,0,45
2025-05-14T18:27:18,26,19,0,45
2025-05-14T18:35:13,26,19,0,45
2025-05-14T18:43:07,26,19,0,45
2025-05-14T18:51:02,26,19,0,45
2025-05-14T18:58:57,26,19,0,45
2025-05-14T19:06:52,26,19,0,45
2025-05-14T19:14:46,26,19,0,45
2025-05-14T19:22:41,26,19,0,45
2025-05-14T19:30:36,26,19,0,45
2025-05-14T19:38:30,26,19,0,45
2025-05-14T19:46:25,26,19,0,45
2025-05-14T19:54:19,26,19,0,45
2025-05-14T20:02:14,26,19,0,45
2025-05-14T20:10:09,26,19,0,45
2025-05-14T20:18:03,26,19,0,45
2025-05-14T20:25:58,26,19,0,45
2025-05-14T20:34:07,26,19,0,45
2025-05-14T20:42:01,26,19,0,45
2025-05-14T20:49:56,26,19,0,45
2025-05-14T20:57:51,26,19,0,45
2025-05-14T21:05:45,26,19,0,45
2025-05-14T21:13:40,26,19,0,45
2025-05-14T21:21:35,26,19,0,45
2025-05-14T21:29:30,26,19,0,45
2025-05-14T21:37:24,26,19,0,45
2025-05-14T21:45:19,26,19,0,45
2025-05-14T21:53:14,26,19,0,45
2025-05-14T22:01:09,26,19,0,45
2025-05-14T22:09:03,26,19,0,45
2025-05-14T22:16:58,26,19,0,45
2025-05-14T22:24:52,26,19,0,45
2025-05-14T22:32:47,26,19,0,45
2025-05-14T22:40:42,26,19,0,45
2025-05-14T22:48:36,26,19,0,45
2025-05-14T22:56:31,26,19,0,45
2025-05-14T23:04:26,26,19,0,45
2025-05-14T23:12:21,26,19,0,45
2025-05-14T23:20:15,26,19,0,45
2025-05-14T23:28:10,26,19,0,45
2025-05-14T23:36:05,26,19,0,45
2025-05-14T23:44:07,26,19,0,45
2025-05-14T23:52:02,26,19,0,45
2025-05-14T23:59:57,26,19,0,45
2025-05-15T00:07:53,26,19,0,45
2025-05-15T00:15:52,26,19,0,45
2025-05-15T00:23:49,26,19,0,45
2025-05-15T00:31:45,26,19,0,45
2025-05-15T00:39:41,26,19,0,45
2025-05-15T00:47:37,26,19,0,45
2025-05-15T00:55:32,26,19,0,45
2025-05-15T01:03:29,26,19,0,45
2025-05-15T01:11:26,26,19,0,45
2025-05-15T01:19:22,26,19,0,45
2025-05-15T01:27:17,26,19,0,45
2025-05-15T01:35:13,26,19,0,45
2025-05-15T01:43:10,26,19,0,45
2025-05-15T01:51:06,26,19,0,45
2025-05-15T01:59:01,26,19,0,45
2025-05-15T02:06:56,26,19,0,45
2025-05-15T02:14:52,26,19,0,45
2025-05-15T02:22:47,26,19,0,45
2025-05-15T02:30:44,26,19,0,45
2025-05-15T02:38:40,26,19,0,45
2025-05-15T02:46:36,26,19,0,45
2025-05-15T02:54:43,26,19,0,45
2025-05-15T03:02:39,26,19,0,45
2025-05-15T03:10:34,26,19,0,45
2025-05-15T03:18:29,26,19,0,45
2025-05-15T03:26:24,26,19,0,45
2025-05-15T03:34:19,26,19,0,45
2025-05-15T03:42:14,26,19,0,45
2025-05-15T03:50:09,26,19,0,45
2025-05-15T03:58:04,26,19,0,45
2025-05-15T04:06:00,26,19,0,45
2025-05-15T04:13:56,26,19,0,45
